instrument,datetime,open,high,low,close,volume
9958,2021-11-01,109.797,111.6901,108.3772,108.8505,4354249
9958,2021-11-02,110.2703,110.2703,104.5911,105.5376,2718535
9958,2021-11-03,106.4842,108.8505,105.5376,106.0109,2899007
9958,2021-11-04,106.9574,107.4307,104.5911,104.5911,1622455
9958,2021-11-05,105.5376,106.4842,103.1713,104.5911,1729726
9958,2021-11-08,105.0644,110.2703,105.0644,107.904,5975910
9958,2021-11-09,110.2703,110.2703,106.9574,108.3772,2409452
9958,2021-11-10,109.3238,110.7435,107.904,107.904,2815300
9958,2021-11-11,106.4842,108.8505,105.0644,106.4842,2148923
9958,2021-11-12,107.4307,107.4307,104.5911,105.0644,1846048
9958,2021-11-15,105.0644,105.5376,102.6981,103.1713,2474913
9958,2021-11-16,103.1713,105.0644,102.6981,102.6981,1488886
9958,2021-11-17,103.1713,104.1179,101.2783,101.7515,1296416
9958,2021-11-18,102.2248,103.1713,100.805,103.1713,976689
9958,2021-11-19,103.1713,106.9574,103.1713,105.5376,3071734
9958,2021-11-22,107.4307,107.4307,103.6446,103.6446,1407634
9958,2021-11-23,104.1179,106.4842,104.1179,105.0644,1485307
9958,2021-11-24,106.9574,111.2168,106.0109,106.0109,6883980
9958,2021-11-25,106.9574,107.4307,105.0644,105.5376,1172099
9958,2021-11-26,105.5376,106.0109,104.1179,104.1179,1088782
9958,2021-11-29,102.6981,104.1179,101.2783,103.1713,1500678
9958,2021-11-30,104.1179,106.0109,103.1713,106.0109,1096801
9958,2021-12-01,106.0109,106.0109,104.5911,106.0109,658585
9958,2021-12-02,106.4842,106.4842,104.1179,104.1179,694408
9958,2021-12-03,105.5376,107.904,104.5911,104.5911,1578096
9958,2021-12-06,105.5376,106.4842,103.6446,104.5911,1161249
9958,2021-12-07,105.0644,106.0109,104.1179,105.0644,938621
9958,2021-12-08,105.5376,106.4842,104.1179,104.5911,1145391
9958,2021-12-09,105.0644,105.0644,103.6446,104.1179,748061
9958,2021-12-10,104.1179,104.5911,101.7515,102.6981,1665109
9958,2021-12-13,103.1713,104.5911,102.2248,104.1179,946278
9958,2021-12-14,104.1179,105.5376,102.6981,102.6981,1285150
9958,2021-12-15,102.6981,103.1713,102.2248,103.1713,653907
9958,2021-12-16,103.6446,105.0644,102.6981,105.0644,1017211
9958,2021-12-17,105.0644,113.1099,104.5911,110.2703,13764119
9958,2021-12-20,112.1633,115.0029,107.904,107.904,16300487
9958,2021-12-21,108.3772,109.3238,106.4842,107.904,2353213
9958,2021-12-22,108.3772,108.3772,106.0109,106.0109,1538552
9958,2021-12-23,106.4842,106.9574,105.0644,105.5376,1101428
9958,2021-12-24,106.0109,106.4842,104.1179,104.5911,1752034
9958,2021-12-27,104.5911,105.0644,103.6446,104.5911,1318445
9958,2021-12-28,104.5911,104.5911,103.6446,104.5911,1012071
9958,2021-12-29,105.5376,105.5376,104.1179,105.0644,955589
9958,2021-12-30,105.5376,106.0109,104.5911,104.5911,812535
9958,2022-01-03,105.0644,108.3772,103.6446,107.904,2872571
9958,2022-01-04,108.3772,108.3772,106.0109,106.9574,1536909
9958,2022-01-05,106.4842,108.8505,106.0109,106.0109,1543255
9958,2022-01-06,106.0109,108.8505,105.5376,108.3772,2497135
9958,2022-01-07,109.3238,111.6901,107.904,110.2703,6476536
9958,2022-01-10,111.6901,114.5296,109.3238,114.5296,7481600
9958,2022-01-11,113.1099,113.5831,108.8505,110.2703,4833417
9958,2022-01-12,110.7435,111.2168,108.3772,109.797,1768611
9958,2022-01-13,109.797,113.5831,109.797,109.797,4530013
9958,2022-01-14,110.2703,110.2703,107.904,108.8505,2491009
9958,2022-01-17,108.8505,109.3238,107.4307,107.904,1312161
9958,2022-01-18,108.8505,110.7435,108.8505,109.3238,1512860
9958,2022-01-19,108.3772,108.8505,106.0109,106.4842,1851427
9958,2022-01-20,106.4842,107.904,106.0109,107.4307,1030162
9958,2022-01-21,106.0109,107.904,105.0644,105.0644,2092954
9958,2022-01-24,104.5911,105.0644,102.2248,103.1713,2376999
9958,2022-01-25,102.6981,103.6446,99.3852,99.8585,2848668
9958,2022-01-26,99.8585,100.805,99.3852,100.3318,1752988
9958,2022-02-07,101.7515,104.5911,101.7515,104.1179,1626336
9958,2022-02-08,104.5911,106.9574,104.1179,104.5911,1400879
9958,2022-02-09,106.0109,106.0109,103.6446,104.5911,1098877
9958,2022-02-10,105.0644,106.4842,104.1179,106.0109,1088868
9958,2022-02-11,105.0644,106.4842,105.0644,105.5376,992107
9958,2022-02-14,104.1179,105.0644,103.1713,104.1179,825341
9958,2022-02-15,104.5911,104.5911,102.6981,102.6981,822761
9958,2022-02-16,104.5911,105.0644,103.1713,103.6446,631728
9958,2022-02-17,104.1179,105.5376,103.6446,104.5911,954574
9958,2022-02-18,104.5911,106.0109,103.6446,105.5376,679143
9958,2022-02-21,105.5376,108.8505,105.5376,107.4307,2774721
9958,2022-02-22,106.9574,107.904,105.0644,105.5376,1247519
9958,2022-02-23,106.0109,106.4842,104.1179,105.5376,1054445
9958,2022-02-24,105.5376,105.5376,102.2248,102.6981,1426289
9958,2022-02-25,104.1179,104.5911,102.6981,102.6981,1053996
9958,2022-03-01,104.1179,106.4842,104.1179,105.5376,1501328
9958,2022-03-02,105.5376,107.4307,105.0644,106.4842,1063459
9958,2022-03-03,107.4307,107.904,105.5376,107.904,1497405
9958,2022-03-04,106.4842,108.3772,106.0109,106.0109,1506744
9958,2022-03-07,106.0109,106.0109,102.2248,102.2248,2612244
9958,2022-03-08,101.7515,103.1713,99.3852,99.3852,2453256
9958,2022-03-09,100.3318,101.2783,99.3852,99.8585,2200874
9958,2022-03-10,101.2783,102.6981,99.8585,100.805,1775670
9958,2022-03-11,100.805,101.2783,99.8585,100.805,999318
9958,2022-03-14,101.2783,101.7515,100.3318,101.7515,796364
9958,2022-03-15,101.2783,101.7515,99.8585,99.8585,929615
9958,2022-03-16,100.805,100.805,99.3852,100.805,739680
9958,2022-03-17,101.7515,101.7515,100.805,101.7515,832509
9958,2022-03-18,101.7515,104.5911,101.7515,103.1713,2087864
9958,2022-03-21,104.1179,105.0644,103.1713,103.6446,1128066
9958,2022-03-22,103.6446,106.0109,103.6446,106.0109,1495221
9958,2022-03-23,107.4307,107.4307,105.0644,105.5376,1190209
9958,2022-03-24,105.0644,115.4762,105.0644,113.1099,15715603
9958,2022-03-25,113.1099,115.0029,109.3238,112.6366,9477832
9958,2022-03-28,111.2168,115.4762,108.8505,115.0029,7458699
9958,2022-03-29,111.6901,112.6366,106.9574,107.4307,11062510
9958,2022-03-30,106.9574,108.3772,105.5376,106.4842,3745912
9958,2022-03-31,106.4842,109.797,105.0644,105.0644,5214084
9958,2022-04-01,105.0644,110.7435,105.0644,109.3238,7398825
9958,2022-04-06,107.904,111.6901,107.904,108.8505,3218527
9958,2022-04-07,108.3772,109.797,105.5376,106.0109,2581371
9958,2022-04-08,107.4307,110.2703,106.0109,110.2703,2555244
9958,2022-04-11,111.6901,112.1633,108.8505,108.8505,4804434
9958,2022-04-12,107.4307,112.6366,107.4307,112.1633,6176720
9958,2022-04-13,113.1099,113.1099,110.2703,111.2168,4915934
9958,2022-04-14,112.1633,118.789,111.2168,117.3692,15063766
9958,2022-04-15,117.3692,127.781,116.4227,123.5216,34041034
9958,2022-04-18,126.3612,128.7275,121.1553,125.4147,24564460
9958,2022-04-19,126.8345,128.7275,123.5216,126.3612,11960299
9958,2022-04-20,127.781,127.781,122.1019,123.9949,8802704
9958,2022-04-21,124.9414,126.3612,120.6821,120.6821,7170223
9958,2022-04-22,120.6821,123.9949,120.2088,121.6286,5092034
9958,2022-04-25,120.2088,122.5751,116.4227,120.6821,6480664
9958,2022-04-26,122.5751,130.6206,121.6286,126.3612,49006386
9958,2022-04-27,123.0484,126.8345,121.1553,126.8345,12458269
9958,2022-04-28,126.3612,126.8345,118.3158,118.3158,10563268
9958,2022-04-29,119.2623,122.5751,117.3692,120.6821,5233747
9958,2022-05-03,119.7355,120.6821,116.4227,116.896,4178087
9958,2022-05-04,116.896,117.3692,113.5831,114.0564,5467356
9958,2022-05-05,115.4762,118.3158,115.4762,115.4762,2762549
9958,2022-05-06,113.1099,116.4227,112.6366,113.1099,2782855
9958,2022-05-09,113.1099,113.5831,108.8505,109.797,3234397
9958,2022-05-10,108.3772,112.1633,107.904,111.2168,2467404
9958,2022-05-11,110.7435,113.5831,109.3238,109.3238,3297942
9958,2022-05-12,108.8505,110.7435,106.0109,106.0109,2465378
9958,2022-05-13,106.9574,115.0029,106.4842,109.797,9100242
9958,2022-05-16,111.2168,112.6366,108.3772,112.1633,4336456
9958,2022-05-17,111.6901,113.5831,110.2703,112.1633,2460741
9958,2022-05-18,112.6366,115.0029,112.1633,113.5831,2540181
9958,2022-05-19,113.1099,113.1099,109.3238,112.6366,2776419
9958,2022-05-20,114.0564,116.896,111.2168,111.2168,6419632
9958,2022-05-23,112.6366,113.5831,111.2168,113.1099,1628011
9958,2022-05-24,113.5831,114.0564,108.3772,108.3772,4692677
9958,2022-05-25,109.3238,110.2703,107.904,108.8505,2232323
9958,2022-05-26,109.3238,109.797,106.0109,106.4842,2482460
9958,2022-05-27,107.4307,107.904,106.4842,106.9574,1498879
9958,2022-05-30,107.904,112.1633,107.4307,110.2703,4354057
9958,2022-05-31,109.3238,109.797,108.8505,109.797,1879339
9958,2022-06-01,108.8505,110.2703,107.904,107.904,1823124
9958,2022-06-02,108.8505,108.8505,106.4842,106.4842,2032348
9958,2022-06-06,106.9574,107.904,106.4842,106.9574,1164619
9958,2022-06-07,106.9574,107.904,106.4842,107.904,1503405
9958,2022-06-08,108.3772,108.8505,106.4842,107.4307,1763144
9958,2022-06-09,107.904,109.797,107.4307,108.3772,2372213
9958,2022-06-10,107.4307,109.3238,106.9574,107.4307,1900492
9958,2022-06-13,106.9574,107.4307,106.0109,106.0109,1347426
9958,2022-06-14,105.5376,106.4842,101.7515,104.1179,3062948
9958,2022-06-15,105.5376,109.3238,102.2248,102.2248,13458432
9958,2022-06-16,103.1713,103.6446,99.8585,99.8585,3802019
9958,2022-06-17,97.4922,98.4387,93.99,95.5991,7767516
9958,2022-06-20,95.5991,97.4922,93.6114,94.4633,3732861
9958,2022-06-21,94.6526,95.5991,94.0847,95.5991,2099093
9958,2022-06-22,95.5991,97.9654,94.3686,94.3686,2637480
9958,2022-06-23,94.6526,96.0724,93.7061,96.0724,2002005
9958,2022-06-24,96.0724,101.7515,96.0724,101.7515,4756523
9958,2022-06-27,101.2783,102.6981,100.3318,102.2248,3293690
9958,2022-06-28,102.6981,106.0109,101.7515,102.6981,5501601
9958,2022-06-29,102.6981,105.0644,102.2248,104.5911,3488612
9958,2022-06-30,106.0109,107.4307,104.1179,104.5911,5700598
9958,2022-07-01,105.0644,107.4307,102.6981,103.1713,6061054
9958,2022-07-04,104.1179,106.4842,101.7515,106.4842,3464178
9958,2022-07-05,106.4842,108.3772,105.5376,106.4842,5261636
9958,2022-07-06,106.4842,106.4842,100.805,100.805,4233767
9958,2022-07-07,100.805,102.2248,99.3852,100.3318,2293121
9958,2022-07-08,100.805,101.2783,98.4387,99.3852,2704221
9958,2022-07-11,99.3852,99.8585,98.4387,98.912,850761
9958,2022-07-12,96.0724,96.5457,90.8665,92.7595,4968749
9958,2022-07-13,95.1259,95.1259,91.1505,91.2451,3336487
9958,2022-07-14,91.0558,91.813,86.9857,91.1505,4464036
9958,2022-07-15,90.9611,90.9611,88.6895,89.3521,2011521
9958,2022-07-18,89.7307,89.7307,87.2697,89.4467,3273607
9958,2022-07-19,89.3521,93.3275,89.1627,92.1916,2336357
9958,2022-07-20,92.3809,92.9489,91.813,92.1916,2067112
9958,2022-07-21,92.5702,92.7595,91.0558,92.5702,1542547
9958,2022-07-22,92.5702,94.6526,92.4756,92.7595,2299123
9958,2022-07-25,92.8542,97.0189,92.8542,94.6526,3410402
9958,2022-07-26,95.5991,97.0189,93.99,94.0847,1751344
9958,2022-07-27,95.1259,95.5991,94.1793,95.5991,860755
9958,2022-07-28,96.0724,96.5457,94.6526,95.1259,1489569
9958,2022-07-29,95.1258,96.5456,95.1258,96.5456,1097171
9958,2022-08-01,96.5456,98.912,96.0724,96.0724,1922112
9958,2022-08-02,96.0724,96.5456,93.0435,93.6114,1902273
9958,2022-08-03,93.2328,95.1258,92.7595,94.5579,1306447
9958,2022-08-04,93.8954,94.274,90.2986,92.0023,2816923
9958,2022-08-05,92.8542,93.8007,92.3809,93.6114,853416
9958,2022-08-08,92.2863,95.1258,92.2863,94.6526,1163862
9958,2022-08-09,94.5579,96.0724,94.3686,95.5991,756948
9958,2022-08-10,95.1258,97.0189,95.1258,95.5991,805886
9958,2022-08-11,94.1793,94.4633,93.4221,93.8007,1766339
9958,2022-08-12,92.7595,96.0724,92.7595,94.6526,1497916
9958,2022-08-15,95.1258,96.0724,94.3686,95.5991,1158454
9958,2022-08-16,94.6526,95.1258,92.2863,92.4756,3117495
9958,2022-08-17,90.7718,91.5291,83.2943,83.2943,15001690
9958,2022-08-18,82.5371,83.1996,76.8579,79.4135,13355667
9958,2022-08-19,79.8868,81.9691,78.8456,81.8745,5227977
9958,2022-08-22,80.4547,81.8745,79.8868,81.5905,2100539
9958,2022-08-23,81.3066,82.821,80.644,81.9691,2109911
9958,2022-08-24,82.1584,84.5248,82.1584,83.4836,2450029
9958,2022-08-25,83.9568,84.2408,82.821,83.0103,1723042
9958,2022-08-26,83.5782,84.0515,81.4012,81.4959,2862130
9958,2022-08-29,78.751,81.0226,78.6563,80.8333,1438103
9958,2022-08-30,80.8333,82.2531,80.644,81.8745,675303
9958,2022-08-31,81.6852,82.821,81.6852,82.6317,962866
9958,2022-09-01,82.7264,82.7264,80.644,80.7387,1374137
9958,2022-09-02,80.7387,81.4959,79.6028,80.0761,1137631
9958,2022-09-05,79.9814,80.4547,78.5616,78.5616,1182471
9958,2022-09-06,78.8456,79.0349,77.1419,77.6151,1525642
9958,2022-09-07,77.9937,78.3723,76.006,76.1953,2099285
9958,2022-09-08,77.0472,78.9403,77.0472,78.751,1305456
9958,2022-09-12,78.2777,79.4135,76.3846,79.2242,2418493
9958,2022-09-13,78.8456,79.9814,78.3723,79.0349,1161915
9958,2022-09-14,77.6151,78.467,77.1419,78.0884,952993
9958,2022-09-15,78.183,79.0349,78.0884,78.3723,703706
9958,2022-09-16,78.3723,79.2242,77.5205,77.5205,1262401
9958,2022-09-19,77.8991,78.6563,76.3846,76.4793,1281167
9958,2022-09-20,77.4524,77.4524,76.5678,76.5678,1063345
9958,2022-09-21,76.0763,79.025,76.0763,76.9609,1781019
9958,2022-09-22,76.5678,76.5678,74.7002,74.8968,2691224
9958,2022-09-23,74.7002,74.8968,69.196,69.196,5454624
9958,2022-09-26,68.508,68.9994,65.1661,65.2644,5345499
9958,2022-09-27,65.2644,66.149,63.7901,65.6576,3688691
9958,2022-09-28,65.3627,66.3456,61.2345,61.9226,4777785
9958,2022-09-29,63.8884,64.773,60.9397,61.038,4412914
9958,2022-09-30,59.1705,62.0209,58.8756,61.726,3261142
9958,2022-10-03,60.9397,63.2986,60.7431,62.5123,1931648
9958,2022-10-04,63.9867,64.6747,62.6106,64.2815,1776687
9958,2022-10-05,64.8713,66.0507,64.4781,65.0678,1552935
9958,2022-10-06,65.8542,66.0507,64.2815,64.8713,1186665
9958,2022-10-07,64.1832,65.8542,64.1832,64.8713,860700
9958,2022-10-11,64.8713,66.3456,62.6106,65.6576,2406974
9958,2022-10-12,64.773,65.2644,63.2986,64.1832,1704479
9958,2022-10-13,64.1832,64.4781,62.1192,62.3157,1419759
9958,2022-10-14,63.6918,65.1661,63.6918,64.2815,1106042
9958,2022-10-17,63.6918,63.6918,61.9226,63.6918,1474291
9958,2022-10-18,64.2815,65.1661,64.0849,65.1661,1066288
9958,2022-10-19,65.5593,71.0635,65.461,69.196,5773973
9958,2022-10-20,68.4097,71.1618,66.8371,70.3755,4456079
9958,2022-10-21,69.884,72.7345,69.884,72.3413,5444972
9958,2022-10-24,73.8156,77.1575,73.1276,76.7643,6617262
9958,2022-10-25,77.6489,78.6318,74.7002,78.6318,9668910
9958,2022-10-26,78.4353,79.025,76.2729,78.6318,5282743
9958,2022-10-27,78.5336,79.9096,77.2558,79.8113,4495694
9958,2022-10-28,79.5164,80.4011,79.1233,79.4182,2217343
9958,2022-10-31,80.3028,80.3028,75.6831,75.6831,6231522
9958,2022-11-01,75.5849,77.9438,75.5849,77.5507,2793863
9958,2022-11-02,77.5507,78.337,76.666,77.3541,1977257
9958,2022-11-03,76.2729,78.0421,76.0763,77.0592,1703560
9958,2022-11-04,75.978,77.7472,75.978,77.1575,1252704
9958,2022-11-07,77.0592,78.2387,76.9609,78.0421,1311295
9958,2022-11-08,78.0421,80.5976,78.0421,78.8284,2812109
9958,2022-11-09,79.6147,80.0079,76.8626,76.9609,3398100
9958,2022-11-10,76.1746,79.025,76.1746,78.2387,2294854
9958,2022-11-11,79.6147,79.6147,76.7643,77.1575,2836195
9958,2022-11-14,76.8626,80.5976,76.8626,80.3028,3917778
9958,2022-11-15,81.0891,81.8754,79.8113,80.4011,3363802
9958,2022-11-16,80.6959,81.8754,78.1404,80.4993,4594597
9958,2022-11-17,80.3028,81.1874,79.6147,80.5976,2004170
9958,2022-11-18,80.5976,81.1874,78.1404,78.1404,2075349
9958,2022-11-21,78.4353,85.2173,78.4353,84.8241,7133987
9958,2022-11-22,85.119,86.1019,80.9908,81.4822,7573276
9958,2022-11-23,82.5634,83.0549,80.5976,80.6959,2739911
9958,2022-11-24,80.9908,81.4822,79.4182,81.0891,1929010
9958,2022-11-25,80.6959,81.8754,79.1233,79.1233,2361752
9958,2022-11-28,78.0421,81.2857,76.9609,81.0891,2192329
9958,2022-11-29,80.3028,84.4309,80.3028,83.6446,5508947
9958,2022-11-30,83.0549,84.2344,82.3669,83.5463,2386958
9958,2022-12-01,84.0378,84.9224,82.5634,84.2344,2836372
9958,2022-12-02,84.5292,88.4608,84.2344,87.1831,7151730
9958,2022-12-05,87.4779,89.0506,86.7899,87.2813,4713603
9958,2022-12-06,87.2813,90.3283,87.0848,88.6574,6324681
9958,2022-12-07,88.0677,89.3454,84.2344,84.4309,7620806
9958,2022-12-08,85.119,89.2471,84.9224,88.4608,6756614
9958,2022-12-09,87.9694,88.7557,86.1019,86.9865,4030690
9958,2022-12-12,87.0848,87.2813,85.0207,86.7899,1745758
9958,2022-12-13,86.495,87.9694,86.2984,86.2984,2265908
9958,2022-12-14,87.1831,88.7557,86.5933,88.7557,2726587
9958,2022-12-15,88.854,90.23,87.7728,89.3454,3449814
9958,2022-12-16,88.4608,89.8369,86.2002,86.2002,3731854
9958,2022-12-19,86.2984,86.8882,84.0378,84.0378,2450967
9958,2022-12-20,83.5463,84.4309,80.2045,80.3028,5150418
9958,2022-12-21,82.8583,85.3155,81.9737,82.2686,2892506
9958,2022-12-22,83.5463,88.9523,82.6617,88.4608,6593169
9958,2022-12-23,87.9694,91.1146,86.9865,87.3796,9351945
9958,2022-12-26,86.8882,87.4779,84.2344,84.7258,3690364
9958,2022-12-27,84.7258,86.9865,84.7258,86.495,1874299
9958,2022-12-28,86.495,91.4095,86.2002,90.3283,10025411
9958,2022-12-29,89.3454,90.6232,87.2813,89.2471,7057550
9958,2022-12-30,89.3454,89.6403,87.0848,87.0848,4649425
9958,2023-01-03,87.9694,90.1317,87.2813,89.3454,3192107
9958,2023-01-04,88.5591,91.2129,88.5591,90.1317,4037850
9958,2023-01-05,89.542,89.7386,87.6745,87.9694,3679689
9958,2023-01-06,88.4608,89.0506,87.4779,88.2642,2073585
9958,2023-01-09,88.2642,91.8027,88.2642,91.7044,5829383
9958,2023-01-10,91.901,93.277,90.4266,91.7044,4999566
9958,2023-01-11,91.901,93.277,91.1146,91.7044,2969053
9958,2023-01-12,91.901,93.0804,90.6232,91.0164,2734526
9958,2023-01-13,91.6061,91.8027,90.0335,90.1317,1669946
9958,2023-01-16,90.5249,91.6061,88.6574,91.3112,2120280
9958,2023-01-17,91.6061,93.7685,91.5078,93.3753,4354392
9958,2023-01-30,94.4565,95.8326,93.4736,94.1616,3174237
9958,2023-01-31,95.3411,98.7812,94.8497,97.4052,5596730
9958,2023-02-01,97.8966,106.153,97.7984,103.2043,9828117
9958,2023-02-02,103.2043,105.6615,101.2385,103.6957,4692816
9958,2023-02-03,103.6957,104.6786,100.2556,103.2043,2854281
9958,2023-02-06,100.747,104.6786,97.7984,97.8966,8298862
9958,2023-02-07,97.2086,99.2727,97.1103,97.7984,2612922
9958,2023-02-08,98.7812,98.7812,96.324,96.7172,2920411
9958,2023-02-09,96.6189,97.7984,96.0291,96.0291,2652450
9958,2023-02-10,95.8326,96.5206,94.4565,95.636,3464504
9958,2023-02-13,95.636,96.2257,94.8497,95.2428,1424973
9958,2023-02-14,95.5377,97.6018,95.3411,97.3069,2395334
9958,2023-02-15,97.3069,99.2727,96.9137,98.2898,2763825
9958,2023-02-16,98.7812,99.7641,97.1103,97.3069,3023082
9958,2023-02-17,97.7984,101.2385,97.7984,100.747,4206822
9958,2023-02-20,101.2385,105.6615,100.2556,104.6786,6909979
9958,2023-02-21,106.153,106.6444,102.7128,103.6957,3969464
9958,2023-02-22,103.2043,105.1701,101.7299,104.1872,2757875
9958,2023-02-23,104.1872,105.1701,103.2043,104.6786,1942796
9958,2023-02-24,104.6786,104.6786,101.7299,102.2214,2087427
9958,2023-03-01,101.7299,104.1872,101.7299,102.7128,1522104
9958,2023-03-02,102.7128,103.2043,100.2556,100.747,1776295
9958,2023-03-03,101.7299,101.7299,100.747,100.747,626612
9958,2023-03-06,100.747,101.7299,99.7641,101.2385,1724051
9958,2023-03-07,101.2385,105.1701,101.2385,105.1701,2946168
9958,2023-03-08,104.1872,105.1701,102.7128,103.2043,1551466
9958,2023-03-09,104.1872,104.1872,99.7641,100.747,2180116
9958,2023-03-10,99.7641,99.7641,96.324,96.8155,4334124
9958,2023-03-13,95.8326,101.2385,94.3582,100.2556,3695158
9958,2023-03-14,99.2727,101.7299,97.7984,97.7984,2237104
9958,2023-03-15,97.7001,97.7984,95.5377,96.2257,3546992
9958,2023-03-16,96.324,96.6189,93.6702,94.4565,2192722
9958,2023-03-17,95.4394,96.4223,94.9479,95.9308,1152212
9958,2023-03-20,96.324,99.7641,95.8326,97.7984,2230828
9958,2023-03-21,98.7812,99.2727,96.4223,96.8155,1888669
9958,2023-03-22,97.7001,98.1915,96.4223,96.6189,1319821
9958,2023-03-23,96.8155,97.9949,96.6189,97.3069,1387032
9958,2023-03-24,97.3069,97.8966,96.1274,97.3069,1148946
9958,2023-03-27,97.9949,98.0932,95.636,95.636,1411198
9958,2023-03-28,95.636,96.2257,94.8497,94.8497,1215409
9958,2023-03-29,95.5377,97.012,91.9993,91.9993,3954235
9958,2023-03-30,92.2941,92.8839,89.8369,90.8198,4473031
9958,2023-03-31,91.3112,93.0804,91.3112,92.9822,1888602
9958,2023-04-06,93.0804,96.8155,92.8839,96.324,2674066
9958,2023-04-07,95.9308,101.2385,95.9308,100.747,6640839
9958,2023-04-10,101.7299,106.153,100.2556,103.2043,10744296
9958,2023-04-11,103.2043,104.1872,100.747,104.1872,5483474
9958,2023-04-12,103.2043,112.5418,98.2898,110.576,18567010
9958,2023-04-13,112.0504,113.5247,108.6102,110.576,9213400
9958,2023-04-14,110.576,112.0504,108.1188,110.0846,3966396
9958,2023-04-17,112.0504,115.982,111.0675,113.5247,7932791
9958,2023-04-18,114.9991,115.982,111.5589,112.0504,4345635
9958,2023-04-19,113.5247,118.9307,113.0333,113.5247,6700967
9958,2023-04-20,113.5247,117.9478,111.5589,112.5418,6506403
9958,2023-04-21,114.5076,115.982,111.0675,113.0333,13145955
9958,2023-04-24,111.5589,113.0333,109.5931,111.5589,4891600
9958,2023-04-25,111.5589,112.5418,106.6444,107.1359,5027951
9958,2023-04-26,107.1359,110.0846,106.153,109.1017,2623795
9958,2023-04-27,108.1188,109.1017,105.6615,106.6444,2715487
9958,2023-04-28,108.6102,109.1017,107.1359,108.6102,1367656
9958,2023-05-02,109.5931,112.0504,108.1188,111.5589,2415222
9958,2023-05-03,110.576,116.4734,110.0846,114.0162,8063123
9958,2023-05-04,114.5076,115.982,112.0504,115.4905,3965003
9958,2023-05-05,114.9991,114.9991,112.0504,112.0504,2965814
9958,2023-05-08,113.0333,113.0333,106.153,107.1359,8149416
9958,2023-05-09,106.6444,106.6444,100.2556,101.2385,6391306
9958,2023-05-10,101.2385,104.6786,101.2385,101.7299,3221884
9958,2023-05-11,99.2727,99.7641,97.7984,98.2898,4498834
9958,2023-05-12,98.2898,98.7812,96.2257,98.2898,3264744
9958,2023-05-15,97.3069,97.9949,96.5206,96.5206,1771869
9958,2023-05-16,97.3069,98.0932,97.012,97.2086,1563782
9958,2023-05-17,97.7984,98.7812,97.012,98.2898,1715336
9958,2023-05-18,98.7812,99.2727,97.7001,97.9949,1799567
9958,2023-05-19,98.2898,98.2898,95.636,96.324,3127068
9958,2023-05-22,97.4052,102.2214,97.012,100.747,3724615
9958,2023-05-23,101.7299,102.7128,99.2727,99.2727,2437997
9958,2023-05-24,99.2727,99.2727,96.324,96.9137,4337318
9958,2023-05-25,96.9137,98.7812,96.4223,96.9137,3381621
9958,2023-05-26,97.7001,102.2214,97.1103,101.2385,5554288
9958,2023-05-29,102.7128,110.576,102.2214,107.6273,10801916
9958,2023-05-30,107.6273,110.0846,105.6615,107.6273,4839576
9958,2023-05-31,107.6273,109.1017,106.153,107.1359,2316513
9958,2023-06-01,108.1188,109.1017,106.6444,109.1017,2866842
9958,2023-06-02,109.5931,110.576,107.6273,108.1188,2197525
9958,2023-06-05,108.1188,110.0846,107.1359,107.6273,1733434
9958,2023-06-06,106.6444,109.1017,106.153,108.1188,1543941
9958,2023-06-07,109.5931,110.576,109.1017,110.576,3066801
9958,2023-06-08,111.0675,112.0504,108.1188,108.1188,2702654
9958,2023-06-09,109.1017,114.9991,108.1188,114.0162,6602520
9958,2023-06-12,114.5076,115.4905,110.576,110.576,3956034
9958,2023-06-13,110.576,111.0675,106.6444,106.6444,3827938
9958,2023-06-14,106.6444,109.1017,106.153,109.1017,2853673
9958,2023-06-15,108.1188,111.0675,107.6273,111.0675,2125857
9958,2023-06-16,111.0675,114.0162,110.576,111.0675,2413309
9958,2023-06-19,110.576,113.0333,110.576,110.576,1283865
9958,2023-06-20,110.0846,111.5589,109.1017,110.576,1199413
9958,2023-06-21,110.0846,112.0504,109.1017,110.0846,1371461
9958,2023-06-26,108.6102,111.5589,108.6102,110.576,1340962
9958,2023-06-27,110.576,112.0504,109.5931,111.0675,1575242
9958,2023-06-28,112.5418,115.982,111.5589,115.982,7743725
9958,2023-06-29,118.9307,127.2853,118.9307,127.2853,15424495
9958,2023-06-30,125.3195,135.1485,123.8451,133.6741,28988178
9958,2023-07-03,136.1314,139.0801,133.6741,135.1485,14751438
9958,2023-07-04,134.1656,135.1485,129.7425,131.2169,10432594
9958,2023-07-05,131.7083,132.6912,127.7767,128.7596,8132262
9958,2023-07-06,130.7254,134.657,129.7425,134.1656,10574354
9958,2023-07-07,132.1998,146.9433,132.1998,141.5373,30748636
9958,2023-07-10,141.5373,145.9604,140.063,143.5031,17360750
9958,2023-07-11,144.486,144.486,137.6057,138.0972,16756689
9958,2023-07-12,139.0801,141.0459,137.1143,140.5544,9093478
9958,2023-07-13,143.9946,147.4347,139.5715,142.0288,19037874
9958,2023-07-14,143.9946,146.9433,140.5544,141.5373,11502535
9958,2023-07-17,142.5202,148.909,142.5202,146.4518,15709344
9958,2023-07-18,145.4689,145.4689,136.6228,139.0801,12354795
9958,2023-07-19,141.0459,143.0117,136.1314,140.063,8250723
9958,2023-07-20,140.5544,145.4689,139.5715,144.9775,6303261
9958,2023-07-21,144.486,146.9433,142.0288,146.9433,5903311
9958,2023-07-24,147.9261,160.7038,147.4347,155.7893,19301954
9958,2023-07-25,154.315,164.6354,152.3492,161.6867,11312666
9958,2023-07-26,163.6525,167.0927,158.2466,161.1953,9997421
9958,2023-07-27,161.1953,164.144,157.2637,160.7038,6698543
9958,2023-07-28,159.2295,163.6525,157.2637,162.6696,5187342
9958,2023-07-31,166.1098,166.1098,157.2637,157.7552,6534614
9958,2023-08-01,156.2808,160.2124,148.9091,153.3321,7200465
9958,2023-08-02,151.8578,158.2466,147.4348,148.9091,8074961
9958,2023-08-04,148.4177,151.8578,146.9433,150.3834,3689107
9958,2023-08-07,150.3834,151.8578,148.4177,150.3834,2269873
9958,2023-08-08,151.3663,159.2295,151.3663,154.315,9096108
9958,2023-08-09,153.8236,155.7894,147.4348,148.9091,4359548
9958,2023-08-10,147.9262,147.9262,140.5545,142.5203,7419681
9958,2023-08-11,143.9946,145.469,138.0972,141.0459,6206986
9958,2023-08-14,139.5716,139.5716,132.6913,136.6229,7201136
9958,2023-08-15,137.6058,138.5887,135.1485,137.6058,4431628
9958,2023-08-16,137.1143,137.1143,134.1656,134.6571,3231696
9958,2023-08-17,136.1314,141.5374,134.6571,141.0459,3637932
9958,2023-08-18,141.0459,143.0117,136.1314,136.1314,3233577
9958,2023-08-21,135.64,138.5887,135.1485,136.1314,2130450
9958,2023-08-22,138.5887,139.5716,135.1485,135.64,2779636
9958,2023-08-23,135.64,141.0459,135.64,139.5716,2536180
9958,2023-08-24,140.5545,143.0117,138.5887,140.063,2634886
9958,2023-08-25,140.063,142.5203,135.1485,141.5374,3542852
9958,2023-08-28,143.0117,149.4006,141.5374,147.4348,6562708
9958,2023-08-29,147.9262,158.7381,145.9604,154.315,10004672
9958,2023-08-30,155.7894,157.7552,152.8407,154.8065,4847124
9958,2023-08-31,156.2856,159.2437,156.2856,157.7646,5241359
9958,2023-09-01,159.2437,161.7088,155.7926,156.7786,3704131
9958,2023-09-04,157.7646,160.2297,153.8205,156.7786,4076332
9958,2023-09-05,156.7786,163.6808,156.2856,162.6948,6347678
9958,2023-09-06,165.6529,171.076,163.1878,163.6808,8467529
9958,2023-09-07,162.6948,165.6529,160.7227,163.1878,3081076
9958,2023-09-08,160.7227,167.6249,160.7227,164.1738,3584807
9958,2023-09-11,166.6389,170.583,164.6668,167.6249,6036637
9958,2023-09-12,166.6389,170.09,161.7088,163.1878,6155996
9958,2023-09-13,160.2297,161.2157,155.2996,158.2577,5939868
9958,2023-09-14,158.7507,166.6389,158.7507,165.1599,4915810
9958,2023-09-15,166.6389,181.4293,166.6389,176.0062,19457423
9958,2023-09-18,175.5132,191.7826,175.5132,185.3735,17097780
9958,2023-09-19,186.3595,188.3315,179.9503,184.3874,9601665
9958,2023-09-20,183.4014,188.3315,178.9643,180.4433,6811740
9958,2023-09-21,179.9503,183.4014,177.9782,178.4712,5000474
9958,2023-09-22,176.9922,180.4433,175.0201,178.4712,2844722
9958,2023-09-25,182.4154,183.4014,171.076,175.0201,8108999
9958,2023-09-26,174.5271,181.4293,173.5411,176.4992,5061013
9958,2023-09-27,176.4992,180.9363,176.0062,180.4433,3203868
9958,2023-09-28,183.4014,184.3874,177.4852,178.4712,5088549
9958,2023-10-02,180.4433,182.9084,178.4712,179.9503,2938279
9958,2023-10-03,179.9503,179.9503,174.0341,174.0341,4108198
9958,2023-10-04,174.5271,180.9363,174.0341,179.4573,4833971
9958,2023-10-05,177.9782,179.4573,172.5551,172.5551,6029113
9958,2023-10-06,173.0481,176.0062,169.104,173.5411,4628341
9958,2023-10-11,175.5132,179.4573,169.104,169.597,4253692
9958,2023-10-12,169.597,173.5411,169.104,173.0481,2262930
9958,2023-10-13,173.5411,174.0341,168.611,169.597,2731480
9958,2023-10-16,168.611,176.0062,168.611,173.0481,5188777
9958,2023-10-17,173.0481,179.4573,172.0621,176.9922,5600404
9958,2023-10-18,178.9643,179.9503,171.076,172.5551,6746776
9958,2023-10-19,172.0621,174.0341,170.09,170.583,2845216
9958,2023-10-20,170.09,171.569,165.1599,168.1179,7722201
9958,2023-10-23,168.1179,174.5271,167.6249,170.583,3514861
9958,2023-10-24,170.583,172.0621,168.1179,169.597,2964071
9958,2023-10-25,170.583,174.5271,167.6249,167.6249,4122069
9958,2023-10-26,166.1459,169.597,159.7367,161.7088,5858804
9958,2023-10-27,163.1878,167.1319,161.2157,165.1599,3699450
9958,2023-10-30,165.6529,167.6249,163.6808,164.6668,2093356
9958,2023-10-31,166.6389,166.6389,148.3974,148.3974,9390239
9958,2023-11-01,145.4393,145.4393,133.6069,141.4952,19646946
9958,2023-11-02,139.0301,141.9882,135.086,137.551,9919025
9958,2023-11-03,139.5231,140.0161,134.0999,138.0441,8154695
9958,2023-11-06,139.5231,141.9882,137.551,139.0301,4082143
9958,2023-11-07,139.0301,139.5231,136.072,138.0441,2840204
9958,2023-11-08,140.0161,146.9183,139.5231,144.9463,8461054
9958,2023-11-09,144.9463,149.8764,142.9742,148.8904,5603898
9958,2023-11-10,149.3834,159.2437,146.9183,156.7786,15398460
9958,2023-11-13,160.7227,171.569,158.2577,163.6808,18927850
9958,2023-11-14,163.6808,167.1319,161.7088,166.6389,7980657
9958,2023-11-15,170.583,170.583,162.2018,163.1878,9235168
9958,2023-11-16,163.6808,168.611,163.1878,167.6249,5615142
9958,2023-11-17,168.1179,169.597,164.6668,166.1459,4487082
9958,2023-11-20,167.1319,168.611,162.2018,163.1878,3996621
9958,2023-11-21,164.6668,166.1459,161.2157,161.2157,2611430
9958,2023-11-22,163.1878,167.6249,162.2018,165.6529,3679159
9958,2023-11-23,167.6249,168.1179,161.7088,161.7088,2797742
9958,2023-11-24,166.6389,172.0621,164.6668,171.076,10239640
9958,2023-11-27,171.076,171.076,163.6808,164.1738,5161172
9958,2023-11-28,164.1738,166.6389,164.1738,164.1738,1876526
9958,2023-11-29,166.1459,167.6249,162.6948,163.6808,2030099
9958,2023-11-30,164.6668,166.1459,163.1878,163.6808,1889938
9958,2023-12-01,165.1599,167.6249,163.1878,164.6668,2272689
9958,2023-12-04,166.1459,170.09,164.1738,168.611,4208467
9958,2023-12-05,167.6249,179.9503,166.6389,176.4992,11250856
9958,2023-12-06,180.4433,180.9363,172.0621,177.4852,8054617
9958,2023-12-07,177.4852,183.4014,172.5551,179.4573,9966552
9958,2023-12-08,180.4433,182.4154,177.4852,179.9503,5615336
9958,2023-12-11,180.4433,180.9363,173.5411,176.4992,5627796
9958,2023-12-12,176.9922,181.9224,176.9922,178.4712,4877111
9958,2023-12-13,180.4433,182.9084,177.4852,177.4852,5062733
9958,2023-12-14,178.9643,186.3595,177.9782,183.8944,8812311
9958,2023-12-15,194.2477,195.2337,169.597,169.597,29643516
9958,2023-12-18,169.597,179.9503,168.611,178.9643,9950898
9958,2023-12-19,177.4852,180.9363,174.0341,178.9643,9083610
9958,2023-12-20,178.9643,180.9363,175.5132,175.5132,5303346
9958,2023-12-21,174.5271,174.5271,168.1179,171.076,8505219
9958,2023-12-22,171.076,174.5271,169.104,169.104,3328819
9958,2023-12-25,170.09,171.569,165.6529,165.6529,3534237
9958,2023-12-26,167.1319,170.09,164.6668,170.09,3194522
9958,2023-12-27,170.583,170.583,164.6668,165.6529,3799729
9958,2023-12-28,166.1459,171.076,166.1459,171.076,2868980
9958,2023-12-29,171.076,173.0481,169.597,172.0621,2726813
9958,2024-01-02,174.0341,177.9782,171.076,171.076,5235083
9958,2024-01-03,171.569,175.0201,169.597,175.0201,3126043
9958,2024-01-04,173.5411,177.9782,173.0481,177.4852,4318381
9958,2024-01-05,177.9782,182.4154,176.4992,180.9363,4669858
9958,2024-01-08,181.9224,182.9084,179.9503,180.9363,2360624
9958,2024-01-09,182.4154,184.3874,178.9643,183.8944,4783872
9958,2024-01-10,179.4573,186.3595,171.076,186.3595,15511128
9958,2024-01-11,186.8525,188.8246,182.9084,188.8246,6803311
9958,2024-01-12,188.8246,191.2896,185.3735,186.3595,6320402
9958,2024-01-15,187.3455,203.122,184.3874,200.6569,19120013
9958,2024-01-16,200.6569,203.122,197.2058,201.6429,8746352
9958,2024-01-17,197.6988,205.094,193.2617,202.1359,8312861
9958,2024-01-18,201.1499,202.629,192.2757,194.2477,7334877
9958,2024-01-19,196.2198,196.2198,188.3315,188.3315,6696260
9958,2024-01-22,189.3176,204.108,189.3176,202.629,7489392
9958,2024-01-23,203.122,222.3495,202.1359,217.4194,15430869
9958,2024-01-24,217.9124,219.8845,211.9962,213.4753,6107027
9958,2024-01-25,213.9683,216.9264,209.0381,213.9683,4874277
9958,2024-01-26,212.9823,221.3635,211.9962,216.4334,5648810
9958,2024-01-29,215.9404,224.8146,213.4753,221.8565,6736369
9958,2024-01-30,222.8426,226.2937,218.8984,219.3915,5110982
9958,2024-01-31,221.3635,222.3495,214.9543,215.9404,3997090
9958,2024-02-01,218.4054,219.8845,211.9962,213.9683,3576785
9958,2024-02-02,214.4613,215.9404,213.4753,213.4753,1819458
9958,2024-02-05,213.9683,218.4054,211.9962,215.9404,3077549
9958,2024-02-15,215.9404,235.6609,211.9962,231.7168,9520845
9958,2024-02-16,232.2098,248.4793,231.7168,244.5352,9256694
9958,2024-02-19,248.4793,248.4793,235.1679,237.14,5470691
9958,2024-02-20,237.14,241.5771,234.1819,234.1819,2592583
9958,2024-02-21,234.6749,237.14,231.7168,233.1959,2699834
9958,2024-02-22,236.1539,254.8885,232.7028,250.9444,8783985
9958,2024-02-23,251.9304,264.2558,248.4793,249.4653,10003245
9958,2024-02-26,249.4653,256.3675,246.5073,250.4514,4874843
9958,2024-02-27,250.9444,253.9025,242.5631,246.0142,4348374
9958,2024-02-29,248.4793,263.7628,245.5212,253.9025,8667887
9958,2024-03-01,253.9025,259.3256,248.4793,256.3675,7128231
9958,2024-03-04,255.8745,261.7907,248.4793,248.9723,5357207
9958,2024-03-05,249.4653,249.9584,241.5771,245.5212,6074866
9958,2024-03-06,245.5212,248.4793,241.5771,244.5352,3564196
9958,2024-03-07,244.5352,246.5073,228.2657,237.633,8468136
9958,2024-03-08,238.619,242.5631,228.7587,235.1679,6440831
9958,2024-03-11,229.7448,239.605,227.2797,227.2797,4524644
9958,2024-03-12,224.8146,246.5073,224.3216,245.0282,7688906
9958,2024-03-13,247.4933,254.8885,242.5631,242.5631,7516856
9958,2024-03-14,244.5352,244.5352,228.7587,228.7587,5453898
9958,2024-03-15,226.7867,231.2238,219.8845,221.8565,4030096
9958,2024-03-18,221.8565,224.3216,216.9264,220.8705,4086510
9958,2024-03-19,220.3775,220.3775,210.5172,214.4613,5553228
9958,2024-03-20,212.4892,212.4892,194.2477,204.601,15381575
9958,2024-03-21,209.0381,221.3635,206.0801,216.4334,11248940
9958,2024-03-22,216.9264,225.8006,214.4613,217.9124,10102754
9958,2024-03-25,221.3635,236.1539,218.8984,234.1819,11011408
9958,2024-03-26,234.6749,240.0981,224.3216,225.3076,13874390
9958,2024-03-27,228.7587,230.2378,218.4054,218.4054,6510923
9958,2024-03-28,220.8705,225.3076,216.9264,217.9124,4575346
9958,2024-03-29,219.8845,221.3635,215.4473,215.4473,3212717
9958,2024-04-01,216.9264,222.8426,213.9683,213.9683,4572474
9958,2024-04-02,215.4473,215.9404,209.0381,209.5312,2946439
9958,2024-04-03,210.5172,215.9404,207.0661,212.9823,4856039
9958,2024-04-08,212.9823,212.9823,207.0661,210.5172,4048100
9958,2024-04-09,211.9962,212.9823,208.5451,209.0381,2103753
9958,2024-04-10,211.0102,226.7867,207.5591,219.3915,9339440
9958,2024-04-11,220.3775,220.3775,197.6988,197.6988,14586744
9958,2024-04-12,193.7547,204.601,192.7687,203.615,7002353
9958,2024-04-15,201.6429,215.9404,201.6429,207.0661,9891317
9958,2024-04-16,207.5591,212.9823,204.108,208.5451,9381573
9958,2024-04-17,210.5172,219.8845,210.5172,213.4753,8236929
9958,2024-04-18,213.9683,216.4334,209.0381,212.4892,5152156
9958,2024-04-19,211.5032,215.4473,204.108,209.0381,7083916
9958,2024-04-22,209.5312,211.0102,194.2477,195.2337,8417495
9958,2024-04-23,198.6848,201.1499,186.8525,191.2896,5946837
9958,2024-04-24,195.7268,200.1639,194.2477,197.2058,4292596
9958,2024-04-25,196.7128,211.5032,194.7407,204.601,7967013
9958,2024-04-26,207.5591,215.4473,205.094,209.5312,6342171
9958,2024-04-29,214.9543,219.8845,212.9823,214.4613,5049102
9958,2024-04-30,216.9264,221.3635,214.9543,220.3775,4365279
9958,2024-05-02,221.8565,231.2238,221.3635,226.7867,7283171
9958,2024-05-03,227.7727,230.2378,223.3356,226.7867,4987507
9958,2024-05-06,229.2517,231.7168,220.3775,220.3775,4743180
9958,2024-05-07,222.3495,222.3495,207.0661,207.0661,6396107
9958,2024-05-08,209.0381,227.7727,208.0521,227.7727,11025590
9958,2024-05-09,227.2797,236.1539,220.3775,222.3495,13444300
9958,2024-05-10,227.2797,228.7587,211.0102,221.3635,9529642
9958,2024-05-13,226.7867,237.633,226.2937,232.7028,12639860
9958,2024-05-14,236.1539,249.9584,236.1539,245.0282,17047538
9958,2024-05-15,254.3955,266.7208,235.6609,237.14,26180205
9958,2024-05-16,242.5631,251.4374,237.633,239.605,13501423
9958,2024-05-17,239.112,252.4234,238.619,248.9723,12386531
9958,2024-05-20,248.4793,252.9164,246.5073,247.0003,7352020
9958,2024-05-21,251.4374,271.651,249.9584,271.651,21297668
9958,2024-05-22,280.0322,295.8087,277.0741,290.3855,23927851
9958,2024-05-23,287.9205,290.8786,281.0183,284.4694,11138524
9958,2024-05-24,286.9344,301.2319,282.0043,295.3157,12469365
9958,2024-05-27,298.7668,314.5433,290.8786,292.8506,13715894
9958,2024-05-28,292.8506,303.6969,289.8925,297.7808,8504324
9958,2024-05-29,297.7808,300.7388,285.9484,287.9205,9030375
9958,2024-05-30,287.9205,288.4135,280.5253,281.5113,5510697
9958,2024-05-31,283.9764,289.8925,278.0602,282.9903,9648285
9958,2024-06-03,285.9484,294.3297,282.4973,289.3995,6227083
9958,2024-06-04,295.3157,299.2598,277.5672,282.0043,11722385
9958,2024-06-05,283.9764,286.4414,280.0322,280.0322,3943394
9958,2024-06-06,282.4973,291.8646,279.0462,290.8786,5348159
9958,2024-06-07,291.3716,319.9664,290.8786,319.9664,21033072
9958,2024-06-11,327.3616,331.3057,317.5013,319.9664,15078872
9958,2024-06-12,321.4455,325.3896,312.5712,324.8966,7142908
9958,2024-06-13,330.3197,356.9425,326.3756,356.9425,17934003
9958,2024-06-14,359.9006,363.8447,349.0543,350.0403,14260831
9958,2024-06-17,351.0263,366.8028,348.0682,359.9006,9791123
9958,2024-06-18,364.8307,368.2818,348.0682,349.5473,8605838
9958,2024-06-19,348.0682,348.0682,330.3197,336.7289,11104842
9958,2024-06-20,339.194,347.0822,335.2499,346.0962,6585776
9958,2024-06-21,345.6032,352.0124,332.7848,337.2219,6825773
9958,2024-06-24,331.3057,332.2918,317.5013,324.4035,10111772
9958,2024-06-25,325.8826,331.7988,317.5013,320.9524,7282478
9958,2024-06-26,321.4455,331.3057,321.4455,324.8966,5833060
9958,2024-06-27,322.4315,329.3337,319.9664,320.4594,3860452
9958,2024-06-28,320.9524,321.9385,290.8786,297.7808,20309330
9958,2024-07-01,295.8087,296.7947,286.9344,291.8646,10213019
9958,2024-07-02,291.3716,294.3297,285.9484,287.9205,6458116
9958,2024-07-03,291.3716,298.2738,286.9344,287.4275,7662560
9958,2024-07-04,289.3995,293.8366,287.9205,289.8925,4086107
9958,2024-07-05,292.8506,300.2458,290.8786,290.8786,7835027
9958,2024-07-08,289.8925,289.8925,268.1999,271.651,15550886
9958,2024-07-09,278.0602,281.0183,272.637,276.0881,6259669
9958,2024-07-10,276.0881,287.4275,275.1021,277.5672,7594424
9958,2024-07-11,280.5253,283.4833,273.13,274.1161,5667489
9958,2024-07-12,274.6091,281.0183,270.1719,270.665,5254636
9958,2024-07-15,271.651,272.144,255.3815,261.2977,12310339
9958,2024-07-16,262.2837,262.7767,254.3955,259.8186,6468977
9958,2024-07-17,262.7767,265.7348,251.4374,251.9304,7778769
9958,2024-07-18,252.9164,256.3675,248.4793,252.4234,5949804
9958,2024-07-19,252.9164,261.2977,249.4653,250.9444,7422049
9958,2024-07-22,252.9164,255.3815,238.619,242.0701,8203063
9958,2024-07-23,246.0142,248.4793,239.605,240.5911,5374490
9958,2024-07-26,235.1679,235.1679,227.7727,227.7727,6157515
9958,2024-07-29,233.1959,233.1959,209.0381,215.4473,14165492
9958,2024-07-30,217.9124,219.3915,209.5312,216.9264,7602686
9958,2024-07-31,216.9264,223.8286,213.4753,216.4334,6222051
9958,2024-08-01,216.9264,220.8705,215.9404,217.4194,4060753
9958,2024-08-02,213.9683,219.8845,210.0242,210.5172,5069860
9958,2024-08-05,197.6988,198.6848,189.8106,189.8106,2630858
9958,2024-08-06,188.8246,188.8246,171.076,174.5271,16191843
9958,2024-08-07,177.4852,191.7826,176.0062,191.7826,6104242
9958,2024-08-08,186.3595,195.2337,182.4154,185.3735,8152462
9958,2024-08-09,191.7826,195.7268,188.8246,189.8106,6130284
9958,2024-08-12,191.2896,207.5591,189.3176,197.6988,10251550
9958,2024-08-13,201.1499,202.1359,194.7407,201.1499,5167107
9958,2024-08-14,210.0242,211.9962,199.1779,202.1359,9019523
9958,2024-08-15,205.094,208.0521,199.6709,203.122,5162002
9958,2024-08-16,206.0801,209.5312,202.1359,202.629,6436431
9958,2024-08-19,204.601,209.0381,202.629,203.122,3631067
9958,2024-08-20,205.587,217.9124,203.122,209.0381,11230516
9958,2024-08-21,208.5451,213.4753,205.094,206.0801,6727788
9958,2024-08-22,209.0,216.0,208.5,211.5,6669211
9958,2024-08-23,214.0,214.5,205.5,212.5,7583157
9958,2024-08-26,212.5,222.0,208.5,213.5,9306666
9958,2024-08-27,213.5,234.5,212.0,234.5,14899660
9958,2024-08-28,240.0,253.5,234.5,243.5,30015527
9958,2024-08-29,243.0,246.5,237.0,239.0,11530496
9958,2024-08-30,240.5,246.5,237.0,237.5,10506257
9958,2024-09-02,237.0,242.0,234.5,235.0,6068210
9958,2024-09-03,234.0,235.0,223.0,223.0,9967332
9958,2024-09-04,205.0,213.0,202.0,206.0,9211510
9958,2024-09-05,210.0,224.0,208.5,219.0,8335467
9958,2024-09-06,219.0,223.5,215.0,219.0,7448257
9958,2024-09-09,213.0,219.5,211.5,213.0,5544390
9958,2024-09-10,215.0,215.0,201.5,204.5,7043950
9958,2024-09-11,205.0,205.5,202.0,204.0,3227800
9958,2024-09-12,208.5,212.0,207.0,210.0,2784813
9958,2024-09-13,211.5,216.5,207.5,209.5,4557269
9958,2024-09-16,210.0,214.0,205.5,206.5,4375051
9958,2024-09-18,207.5,217.0,207.0,213.5,5711819
9958,2024-09-19,213.5,234.5,213.5,234.5,12039459
9958,2024-09-20,240.0,250.5,234.5,241.5,26598234
9958,2024-09-23,245.5,253.0,242.5,244.0,14460362
9958,2024-09-24,243.5,247.0,237.5,247.0,9628526
9958,2024-09-25,250.0,250.5,238.0,238.0,10003697
9958,2024-09-26,240.5,244.0,235.5,236.5,6333884
9958,2024-09-27,238.0,241.0,232.0,233.0,6398810
9958,2024-09-30,235.0,238.0,220.5,222.0,7748857
9958,2024-10-01,223.5,231.5,219.5,229.5,7802683
9958,2024-10-04,228.5,232.0,220.0,223.0,5730599
9958,2024-10-07,225.5,230.5,223.0,223.5,5472562
9958,2024-10-08,222.0,223.5,213.5,215.0,5363312
9958,2024-10-09,217.0,218.0,210.5,211.0,5125975
9958,2024-10-11,212.0,215.5,207.5,213.5,3838695
9958,2024-10-14,213.5,231.5,213.5,230.5,9937099
9958,2024-10-15,232.0,233.5,220.0,221.0,9108054
9958,2024-10-16,219.5,227.5,219.5,221.0,7180085
9958,2024-10-17,222.5,236.5,222.5,230.5,13344159
9958,2024-10-18,231.0,240.0,228.0,233.0,11867250
9958,2024-10-21,234.5,240.0,231.5,233.0,8412577
9958,2024-10-22,233.5,236.0,222.5,223.5,8257016
9958,2024-10-23,225.0,226.5,219.5,224.0,7630281
9958,2024-10-24,224.5,224.5,213.5,213.5,7839053
9958,2024-10-25,214.0,218.5,213.5,214.5,2968403
9958,2024-10-28,215.0,216.0,204.5,208.0,6201139
9958,2024-10-29,208.0,209.5,203.5,207.5,3874921
9958,2024-10-30,208.0,210.0,204.0,207.0,3642748
9958,2024-11-01,203.0,210.5,201.5,209.0,3131748
9958,2024-11-04,210.0,215.0,207.5,211.0,3116502
9958,2024-11-05,208.5,213.5,208.5,210.0,1964435
9958,2024-11-06,212.5,213.0,208.0,209.0,1949510
9958,2024-11-07,210.0,215.0,201.0,201.0,7760513
9958,2024-11-08,201.0,203.0,185.0,187.5,20199334
9958,2024-11-11,189.0,190.5,181.5,185.0,9948127
9958,2024-11-12,185.0,187.5,183.5,183.5,4349118
9958,2024-11-13,183.5,185.5,181.0,184.0,3243393
9958,2024-11-14,184.0,184.5,175.5,176.5,8307733
9958,2024-11-15,176.5,188.0,175.5,185.0,6076723
9958,2024-11-18,184.0,184.5,178.0,179.5,3561390
9958,2024-11-19,181.5,182.5,177.0,181.5,2940626
9958,2024-11-20,181.5,183.0,175.5,176.0,3623392
9958,2024-11-21,176.0,182.0,176.0,181.0,2625672
9958,2024-11-22,182.0,184.5,180.0,180.5,2093628
9958,2024-11-25,182.0,185.0,182.0,184.5,1605437
9958,2024-11-26,184.5,185.0,182.0,182.5,1297594
