,instrument,datetime,open,high,low,close,volume
0,Y9999,2021-11-01,17021.77,17119.43,17021.77,17068.24,7074664000
1,Y9999,2021-11-02,17094.42,17237.09,17026.63,17065.97,8341539000
2,Y9999,2021-11-03,17087.89,17153.76,17080.51,17122.16,7026797000
3,Y9999,2021-11-04,17158.28,17219.65,17061.46,17078.86,6938569000
4,Y9999,2021-11-05,17097.16,17296.9,17097.16,17296.9,7436689000
5,Y9999,2021-11-08,17323.39,17415.3,17279.46,17415.3,8442817000
6,Y9999,2021-11-09,17433.1,17581.52,17433.1,17541.36,8519578000
7,Y9999,2021-11-10,17549.09,17575.44,17489.87,17559.65,8499487000
8,Y9999,2021-11-11,17527.18,17527.18,17403.48,17452.52,9014096000
9,Y9999,2021-11-12,17479.55,17602.05,17479.55,17518.13,8143908000
10,Y9999,2021-11-15,17560.52,17683.19,17560.52,17634.47,8179591000
11,Y9999,2021-11-16,17639.96,17708.1,17629.8,17693.13,8855573000
12,Y9999,2021-11-17,17705.29,17764.04,17669.58,17764.04,9046216000
13,Y9999,2021-11-18,17767.06,17841.37,17748.21,17841.37,9921581000
14,Y9999,2021-11-19,17864.19,17986.18,17786.05,17818.31,9158530000
15,Y9999,2021-11-22,17828.53,17857.73,17790.64,17803.54,7432543000
16,Y9999,2021-11-23,17797.9,17797.9,17650.07,17666.12,7497815000
17,Y9999,2021-11-24,17680.16,17722.89,17588.78,17642.52,7355021000
18,Y9999,2021-11-25,17686.12,17724.5,17609.51,17654.19,7075203000
19,Y9999,2021-11-26,17641.79,17641.79,17330.44,17369.39,8639089000
20,Y9999,2021-11-29,17320.01,17415.63,17167.24,17328.09,7721871000
21,Y9999,2021-11-30,17369.79,17535.23,17369.79,17427.76,9057571000
22,Y9999,2021-12-01,17428.61,17626.21,17374.59,17585.99,7020888000
23,Y9999,2021-12-02,17575.91,17741.55,17559.44,17724.88,8097881000
24,Y9999,2021-12-03,17720.93,17781.14,17670.32,17697.14,7026605000
25,Y9999,2021-12-06,17650.67,17763.42,17585.95,17688.21,6532709000
26,Y9999,2021-12-07,17734.19,17796.92,17642.32,17796.92,8315524000
27,Y9999,2021-12-08,17845.06,17988.88,17832.42,17832.42,8204584000
28,Y9999,2021-12-09,17880.41,17925.12,17807.12,17914.12,7970542000
29,Y9999,2021-12-10,17893.29,17893.29,17767.8,17826.26,6928227000
30,Y9999,2021-12-13,17841.03,17919.35,17767.6,17767.6,7383940000
31,Y9999,2021-12-14,17754.38,17754.38,17566.99,17599.37,7685082000
32,Y9999,2021-12-15,17592.87,17678.78,17556.87,17660.1,5816281000
33,Y9999,2021-12-16,17719.06,17814.32,17719.06,17785.74,7088215000
34,Y9999,2021-12-17,17744.54,17822.74,17718.27,17812.59,7822461000
35,Y9999,2021-12-20,17812.81,17812.81,17646.39,17669.11,6240711000
36,Y9999,2021-12-21,17686.84,17825.89,17652.32,17789.27,6142255000
37,Y9999,2021-12-22,17805.74,17870.16,17799.72,17826.83,6019281000
38,Y9999,2021-12-23,17855.78,17960.99,17855.78,17946.66,6360759000
39,Y9999,2021-12-24,17966.35,18039.85,17953.57,17961.64,6294056000
40,Y9999,2021-12-27,17975.41,18099.78,17975.41,18048.94,6063084000
41,Y9999,2021-12-28,18099.71,18197.36,18099.71,18196.81,6288478000
42,Y9999,2021-12-29,18209.14,18283.25,18192.86,18248.28,6188965000
43,Y9999,2021-12-30,18270.0,18291.25,18216.45,18218.84,6394953000
44,Y9999,2022-01-03,18260.23,18379.69,18238.47,18270.51,6970218000
45,Y9999,2022-01-04,18395.14,18526.35,18395.14,18526.35,7298131000
46,Y9999,2022-01-05,18598.13,18619.61,18446.52,18499.96,7366467000
47,Y9999,2022-01-06,18395.72,18427.15,18253.82,18367.92,6401573000
48,Y9999,2022-01-07,18388.16,18444.12,18134.41,18169.76,7595875000
49,Y9999,2022-01-10,18095.39,18243.26,18043.97,18239.38,5896254000
50,Y9999,2022-01-11,18266.54,18293.53,18135.43,18288.21,7356526000
51,Y9999,2022-01-12,18348.39,18394.7,18255.38,18375.4,6746853000
52,Y9999,2022-01-13,18356.21,18459.73,18346.81,18436.93,7130343000
53,Y9999,2022-01-14,18509.0,18509.0,18213.44,18403.33,7366761000
54,Y9999,2022-01-17,18512.15,18535.42,18435.02,18525.44,5767298000
55,Y9999,2022-01-18,18492.81,18575.41,18378.64,18378.64,6014247000
56,Y9999,2022-01-19,18275.18,18359.14,18199.35,18227.46,6124785000
57,Y9999,2022-01-20,18212.26,18292.14,18125.2,18218.28,5557986000
58,Y9999,2022-01-21,18113.94,18113.94,17851.39,17899.3,7191394000
59,Y9999,2022-01-24,17843.33,18004.45,17682.33,17989.04,6093291000
60,Y9999,2022-01-25,17890.71,17890.71,17645.66,17701.12,6109603000
61,Y9999,2022-01-26,17657.97,17776.42,17633.03,17674.4,4934894000
62,Y9999,2022-02-07,17750.7,17900.3,17712.35,17900.3,6291542000
63,Y9999,2022-02-08,17955.95,18063.55,17955.95,17966.56,6885105000
64,Y9999,2022-02-09,18060.33,18168.6,18039.23,18151.76,6861230000
65,Y9999,2022-02-10,18217.29,18338.05,18145.04,18338.05,6512226000
66,Y9999,2022-02-11,18258.81,18310.94,18191.75,18310.94,6177798000
67,Y9999,2022-02-14,18182.73,18182.73,17965.22,17997.67,6357847000
68,Y9999,2022-02-15,17978.44,18085.91,17942.68,17951.81,5884767000
69,Y9999,2022-02-16,18109.17,18233.79,18109.17,18231.47,6435603000
70,Y9999,2022-02-17,18213.3,18330.63,18190.24,18268.57,7855456000
71,Y9999,2022-02-18,18250.37,18262.96,18098.52,18232.35,7574375000
72,Y9999,2022-02-21,18196.4,18253.1,18129.65,18221.49,7499386000
73,Y9999,2022-02-22,18159.51,18159.51,17840.38,17969.29,8553650000
74,Y9999,2022-02-23,17954.75,18109.28,17954.75,18055.73,6080359000
75,Y9999,2022-02-24,17939.53,17939.53,17561.07,17594.55,10101872000
76,Y9999,2022-02-25,17617.36,17737.32,17554.97,17652.18,8104034000
77,Y9999,2022-03-01,17657.5,17944.5,17657.5,17898.25,7643059000
78,Y9999,2022-03-02,17864.11,17918.98,17784.64,17867.6,6878544000
79,Y9999,2022-03-03,17932.15,18026.03,17906.24,17934.4,6753791000
80,Y9999,2022-03-04,17845.01,17845.01,17710.54,17736.52,7549139000
81,Y9999,2022-03-07,17581.57,17581.57,17135.68,17178.69,10072752000
82,Y9999,2022-03-08,17000.0,17113.67,16764.78,16825.25,9902592000
83,Y9999,2022-03-09,16944.08,17072.74,16944.08,17015.36,6970530000
84,Y9999,2022-03-10,17224.73,17478.43,17224.73,17433.2,8032678000
85,Y9999,2022-03-11,17373.82,17373.9,17239.9,17264.74,5959633000
86,Y9999,2022-03-14,17287.9,17363.04,17217.58,17263.04,6380283000
87,Y9999,2022-03-15,17177.27,17177.27,16911.95,16926.06,7725450000
88,Y9999,2022-03-16,17007.58,17085.77,16808.43,16940.83,8125398000
89,Y9999,2022-03-17,17172.81,17472.95,17172.81,17448.22,9772206000
90,Y9999,2022-03-18,17439.91,17472.38,17359.5,17456.52,7994590000
91,Y9999,2022-03-21,17503.95,17603.99,17503.95,17560.36,6555265000
92,Y9999,2022-03-22,17512.41,17573.29,17468.55,17559.71,5875045000
93,Y9999,2022-03-23,17581.62,17738.69,17581.62,17731.37,6846491000
94,Y9999,2022-03-24,17711.17,17711.17,17603.22,17699.06,6502369000
95,Y9999,2022-03-25,17695.8,17747.13,17633.86,17676.95,6656846000
96,Y9999,2022-03-28,17510.15,17527.15,17368.66,17520.01,5889262000
97,Y9999,2022-03-29,17568.32,17585.91,17493.01,17548.66,6005532000
98,Y9999,2022-03-30,17572.9,17770.07,17572.9,17740.56,6770950000
99,Y9999,2022-03-31,17754.1,17767.81,17682.53,17693.47,5658103000
100,Y9999,2022-04-01,17657.76,17657.76,17465.61,17625.59,5719024000
101,Y9999,2022-04-06,17484.19,17528.99,17381.07,17522.5,6830996000
102,Y9999,2022-04-07,17430.13,17438.6,17178.63,17178.63,8062131000
103,Y9999,2022-04-08,17210.4,17316.69,17210.4,17284.54,6150051000
104,Y9999,2022-04-11,17273.05,17316.35,17046.67,17048.37,7826059000
105,Y9999,2022-04-12,17005.84,17100.85,16905.13,16990.91,6923672000
106,Y9999,2022-04-13,17080.4,17333.21,17080.4,17301.65,7050860000
107,Y9999,2022-04-14,17353.25,17374.14,17245.65,17245.65,6990328000
108,Y9999,2022-04-15,17139.34,17141.33,17004.18,17004.18,6948398000
109,Y9999,2022-04-18,16958.66,16999.36,16845.51,16898.87,6433458000
110,Y9999,2022-04-19,16926.34,17106.26,16926.34,16993.4,5818953000
111,Y9999,2022-04-20,17057.13,17148.88,16983.55,17148.88,7477482000
112,Y9999,2022-04-21,17159.88,17213.66,17106.37,17127.95,6527037000
113,Y9999,2022-04-22,17088.76,17088.76,16923.87,17025.09,7020338000
114,Y9999,2022-04-25,16912.3,16912.3,16579.89,16620.9,7818513000
115,Y9999,2022-04-26,16677.84,16729.47,16582.11,16644.79,6546679000
116,Y9999,2022-04-27,16427.32,16427.32,16219.41,16303.35,7557844000
117,Y9999,2022-04-28,16350.72,16455.57,16256.88,16419.38,6326127000
118,Y9999,2022-04-29,16599.84,16663.66,16521.94,16592.18,6283737000
119,Y9999,2022-05-03,16593.21,16604.87,16465.99,16498.9,4688894000
120,Y9999,2022-05-04,16531.37,16617.06,16514.3,16565.83,4754572000
121,Y9999,2022-05-05,16689.98,16783.78,16650.81,16696.12,6028615000
122,Y9999,2022-05-06,16491.11,16491.11,16312.17,16408.2,6214594000
123,Y9999,2022-05-09,16345.84,16345.84,16048.92,16048.92,6626190000
124,Y9999,2022-05-10,15891.4,16071.5,15734.44,16061.7,6855098000
125,Y9999,2022-05-11,16053.75,16081.15,15953.27,16006.25,5626434000
126,Y9999,2022-05-12,15943.62,15943.62,15616.68,15616.68,7290113000
127,Y9999,2022-05-13,15687.15,15860.69,15687.15,15832.54,5956940000
128,Y9999,2022-05-16,15943.69,16032.85,15847.46,15901.04,6376545000
129,Y9999,2022-05-17,15915.93,16085.85,15915.93,16056.09,5579744000
130,Y9999,2022-05-18,16174.78,16316.58,16172.8,16296.86,6379939000
131,Y9999,2022-05-19,16111.49,16111.49,15892.73,16020.32,6370148000
132,Y9999,2022-05-20,16061.92,16181.66,16058.2,16144.85,5309171000
133,Y9999,2022-05-23,16193.92,16249.45,16125.45,16156.41,5618693000
134,Y9999,2022-05-24,16166.57,16219.8,15963.63,15963.63,5299794000
135,Y9999,2022-05-25,15987.74,16169.18,15980.9,16104.03,5451206000
136,Y9999,2022-05-26,16128.21,16179.01,15949.61,15968.83,5589281000
137,Y9999,2022-05-27,16075.91,16266.22,16075.91,16266.22,5481897000
138,Y9999,2022-05-30,16368.93,16610.62,16368.93,16610.62,6285048000
139,Y9999,2022-05-31,16561.68,16807.77,16493.07,16807.77,8275230000
140,Y9999,2022-06-01,16718.91,16811.04,16649.91,16675.09,5693916000
141,Y9999,2022-06-02,16605.46,16617.26,16540.55,16552.57,4836099000
142,Y9999,2022-06-06,16570.89,16654.12,16509.01,16605.96,5418061000
143,Y9999,2022-06-07,16593.75,16593.75,16465.87,16512.88,4732466000
144,Y9999,2022-06-08,16538.67,16702.99,16538.67,16670.51,4815479000
145,Y9999,2022-06-09,16643.95,16643.95,16557.54,16621.34,4489281000
146,Y9999,2022-06-10,16581.81,16581.81,16403.33,16460.12,4562608000
147,Y9999,2022-06-13,16295.07,16295.07,16055.89,16070.98,5886905000
148,Y9999,2022-06-14,15975.17,16067.8,15869.06,16047.37,5921513000
149,Y9999,2022-06-15,16025.84,16106.75,15981.56,15999.25,5516815000
150,Y9999,2022-06-16,16098.29,16209.25,15838.29,15838.61,6526682000
151,Y9999,2022-06-17,15794.16,15794.16,15573.38,15641.26,7818365000
152,Y9999,2022-06-20,15649.2,15667.68,15367.58,15367.58,7296097000
153,Y9999,2022-06-21,15427.33,15728.64,15427.33,15728.64,6317170000
154,Y9999,2022-06-22,15687.46,15687.46,15346.95,15347.75,7189114000
155,Y9999,2022-06-23,15305.51,15380.28,15102.4,15176.44,7126291000
156,Y9999,2022-06-24,15232.34,15424.37,15232.34,15303.32,5948003000
157,Y9999,2022-06-27,15409.08,15656.35,15409.08,15548.01,6404496000
158,Y9999,2022-06-28,15519.56,15533.34,15375.65,15439.92,5846311000
159,Y9999,2022-06-29,15365.54,15365.54,15218.07,15240.13,5872889000
160,Y9999,2022-06-30,15146.92,15147.77,14825.73,14825.73,6898867000
161,Y9999,2022-07-01,14812.13,14812.13,14336.03,14343.08,7861837000
162,Y9999,2022-07-04,14237.83,14412.47,14167.1,14217.06,6167448000
163,Y9999,2022-07-05,14345.54,14488.8,14100.89,14349.2,6676755000
164,Y9999,2022-07-06,14289.67,14319.32,13985.51,13985.51,6793881000
165,Y9999,2022-07-07,14052.18,14355.15,13951.81,14336.27,6800402000
166,Y9999,2022-07-08,14462.5,14552.42,14373.84,14464.53,6789256000
167,Y9999,2022-07-11,14478.31,14525.03,14313.94,14340.53,4871146000
168,Y9999,2022-07-12,14235.63,14235.63,13928.66,13950.62,5639956000
169,Y9999,2022-07-13,14194.94,14403.51,14194.94,14324.68,6240209000
170,Y9999,2022-07-14,14252.02,14450.47,14159.39,14438.52,5721487000
171,Y9999,2022-07-15,14483.96,14579.73,14378.33,14550.62,6094100000
172,Y9999,2022-07-18,14589.1,14719.64,14589.1,14719.64,5970251000
173,Y9999,2022-07-19,14638.45,14720.13,14598.99,14694.08,5373185000
174,Y9999,2022-07-20,14810.4,14906.95,14694.2,14733.22,6463082000
175,Y9999,2022-07-21,14744.17,14937.7,14716.02,14937.7,6132744000
176,Y9999,2022-07-22,14953.27,14996.24,14902.32,14949.36,6457471000
177,Y9999,2022-07-25,14902.25,14968.23,14851.37,14936.33,4852828000
178,Y9999,2022-07-26,14912.41,14912.41,14750.71,14806.78,4795254000
179,Y9999,2022-07-27,14791.71,14921.59,14717.02,14921.59,4778872000
180,Y9999,2022-07-28,14978.95,15031.99,14849.94,14891.9,5458751000
181,Y9999,2022-07-29,14950.18,15035.27,14929.49,15000.07,5863987000
182,Y9999,2022-08-01,14982.27,14994.36,14886.81,14981.69,5028214000
183,Y9999,2022-08-02,14860.94,14860.94,14663.46,14747.23,6048011000
184,Y9999,2022-08-03,14757.51,14777.02,14673.35,14777.02,4784239000
185,Y9999,2022-08-04,14741.47,14766.57,14545.69,14702.2,5235083000
186,Y9999,2022-08-05,14802.34,15041.41,14802.34,15036.04,5642144000
187,Y9999,2022-08-08,14972.21,15034.87,14908.17,15020.41,4871162000
188,Y9999,2022-08-09,14965.12,15077.63,14905.23,15050.28,5285905000
189,Y9999,2022-08-10,14940.76,14982.33,14890.55,14939.02,6351580000
190,Y9999,2022-08-11,15087.59,15204.79,15087.59,15197.85,6327836000
191,Y9999,2022-08-12,15203.91,15298.42,15198.93,15288.97,5798097000
192,Y9999,2022-08-15,15332.92,15437.23,15315.12,15417.35,6430023000
193,Y9999,2022-08-16,15435.04,15451.83,15392.49,15420.57,5723526000
194,Y9999,2022-08-17,15423.44,15475.89,15390.84,15465.45,5511618000
195,Y9999,2022-08-18,15384.73,15396.76,15311.22,15396.76,5017166000
196,Y9999,2022-08-19,15394.36,15458.45,15346.26,15408.78,5696021000
197,Y9999,2022-08-22,15375.2,15375.2,15229.36,15245.14,5300680000
198,Y9999,2022-08-23,15225.17,15225.17,15086.43,15095.89,4788776000
199,Y9999,2022-08-24,15112.15,15183.96,15053.52,15069.19,4848535000
200,Y9999,2022-08-25,15105.31,15244.06,15105.31,15200.04,4748331000
201,Y9999,2022-08-26,15221.5,15337.25,15221.5,15278.44,5721284000
202,Y9999,2022-08-29,15197.19,15197.19,14843.72,14926.19,6001146000
203,Y9999,2022-08-30,14919.67,15027.5,14911.97,14953.63,5062809000
204,Y9999,2022-08-31,14912.12,15095.44,14874.33,15095.44,5715463000
205,Y9999,2022-09-01,14981.0,14981.0,14773.19,14801.86,6173370000
206,Y9999,2022-09-02,14790.28,14817.4,14673.04,14673.04,5789890000
207,Y9999,2022-09-05,14670.18,14753.03,14632.79,14661.1,5148462000
208,Y9999,2022-09-06,14705.16,14789.31,14623.22,14677.2,4786016000
209,Y9999,2022-09-07,14557.86,14557.86,14397.12,14410.05,5021621000
210,Y9999,2022-09-08,14447.09,14583.42,14447.09,14583.42,4792925000
211,Y9999,2022-09-12,14711.34,14856.23,14711.34,14807.43,5273607000
212,Y9999,2022-09-13,14895.87,14949.56,14856.98,14894.41,4948246000
213,Y9999,2022-09-14,14695.19,14699.78,14522.7,14658.31,5005873000
214,Y9999,2022-09-15,14647.0,14750.28,14624.55,14670.04,4904217000
215,Y9999,2022-09-16,14602.16,14602.16,14521.65,14561.76,6004067000
216,Y9999,2022-09-19,14567.27,14585.06,14424.33,14425.68,4312823000
217,Y9999,2022-09-20,14474.95,14558.72,14461.39,14549.3,4376946000
218,Y9999,2022-09-21,14517.34,14525.46,14384.11,14424.52,4943645000
219,Y9999,2022-09-22,14325.67,14325.67,14151.8,14284.63,6073060000
220,Y9999,2022-09-23,14231.03,14277.53,14109.71,14118.38,5352098000
221,Y9999,2022-09-26,13993.42,13993.42,13743.19,13778.19,6582152000
222,Y9999,2022-09-27,13812.99,13862.84,13732.32,13826.59,5433018000
223,Y9999,2022-09-28,13816.7,13854.09,13466.07,13466.07,6897646000
224,Y9999,2022-09-29,13550.7,13651.29,13462.57,13534.26,5747964000
225,Y9999,2022-09-30,13409.65,13466.82,13274.72,13424.58,5966653000
226,Y9999,2022-10-03,13359.26,13440.23,13273.48,13300.48,4987388000
227,Y9999,2022-10-04,13447.36,13586.96,13447.36,13576.52,5413002000
228,Y9999,2022-10-05,13727.3,13902.02,13727.3,13801.43,6462759000
229,Y9999,2022-10-06,13865.45,13899.23,13814.33,13892.05,4677393000
230,Y9999,2022-10-07,13847.52,13847.52,13684.21,13702.28,4357709000
231,Y9999,2022-10-11,13394.12,13394.12,13106.03,13106.03,6460863000
232,Y9999,2022-10-12,13076.91,13130.73,12991.59,13081.24,5210228000
233,Y9999,2022-10-13,13108.4,13111.39,12809.43,12810.73,6478076000
234,Y9999,2022-10-14,13023.71,13221.87,13023.71,13128.12,6287512000
235,Y9999,2022-10-17,12988.83,12988.83,12814.82,12966.05,6425009000
236,Y9999,2022-10-18,13075.05,13143.15,12978.13,13124.68,5468726000
237,Y9999,2022-10-19,13096.35,13155.62,12976.76,12976.76,5000186000
238,Y9999,2022-10-20,12912.93,12946.1,12698.91,12946.1,6796733000
239,Y9999,2022-10-21,12931.2,12954.02,12813.6,12819.2,4618735000
240,Y9999,2022-10-24,12913.58,13027.84,12856.77,12856.98,5107731000
241,Y9999,2022-10-25,12830.29,12843.31,12629.48,12666.12,5248243000
242,Y9999,2022-10-26,12666.42,12791.97,12635.52,12729.05,4591945000
243,Y9999,2022-10-27,12807.69,12954.32,12807.69,12926.37,5119538000
244,Y9999,2022-10-28,12874.83,12891.38,12723.98,12788.42,4697989000
245,Y9999,2022-10-31,12862.37,12977.61,12826.34,12949.75,4529501000
246,Y9999,2022-11-01,12933.12,13062.9,12907.61,13037.21,4329893000
247,Y9999,2022-11-02,13033.15,13100.17,13014.04,13100.17,4381658000
248,Y9999,2022-11-03,12985.55,12991.37,12905.35,12986.6,4684705000
249,Y9999,2022-11-04,12941.78,13029.94,12868.25,13026.71,5249914000
250,Y9999,2022-11-07,13109.35,13246.59,13103.35,13223.73,6060917000
251,Y9999,2022-11-08,13274.91,13389.25,13274.91,13347.76,6109681000
252,Y9999,2022-11-09,13410.19,13638.81,13410.19,13638.81,6414308000
253,Y9999,2022-11-10,13556.51,13559.4,13463.85,13503.76,5126398000
254,Y9999,2022-11-11,13878.95,14045.51,13878.95,14007.56,8386262000
255,Y9999,2022-11-14,14080.91,14217.3,14076.94,14174.9,7093934000
256,Y9999,2022-11-15,14325.49,14568.51,14278.53,14546.31,7913371000
257,Y9999,2022-11-16,14637.85,14657.66,14481.06,14537.35,6982139000
258,Y9999,2022-11-17,14489.41,14545.89,14383.55,14535.23,5900998000
259,Y9999,2022-11-18,14584.31,14669.98,14470.48,14504.99,5735383000
260,Y9999,2022-11-21,14514.71,14530.76,14421.65,14449.39,4538087000
261,Y9999,2022-11-22,14404.08,14542.79,14371.09,14542.2,4540344000
262,Y9999,2022-11-23,14595.5,14647.98,14573.41,14608.54,4486340000
263,Y9999,2022-11-24,14649.8,14784.0,14649.8,14784.0,5601547000
264,Y9999,2022-11-25,14764.94,14835.66,14756.01,14778.51,5565055000
265,Y9999,2022-11-28,14636.9,14638.19,14503.12,14556.87,5256730000
266,Y9999,2022-11-29,14503.79,14716.58,14449.05,14709.64,6002496000
267,Y9999,2022-11-30,14678.23,14879.55,14678.23,14879.55,7413107000
268,Y9999,2022-12-01,15059.92,15152.38,14998.03,15012.8,7511123000
269,Y9999,2022-12-02,14933.2,15021.73,14921.06,14970.68,5601577000
270,Y9999,2022-12-05,14972.17,15088.06,14969.97,14980.74,6107215000
271,Y9999,2022-12-06,14955.29,14957.82,14728.88,14728.88,6452710000
272,Y9999,2022-12-07,14708.08,14823.15,14630.01,14630.01,6813484000
273,Y9999,2022-12-08,14631.21,14634.16,14464.2,14553.04,5406640000
274,Y9999,2022-12-09,14620.27,14742.79,14620.27,14705.43,5485304000
275,Y9999,2022-12-12,14658.46,14658.46,14538.66,14612.59,4583948000
276,Y9999,2022-12-13,14617.86,14658.7,14515.74,14522.96,4995730000
277,Y9999,2022-12-14,14557.56,14739.36,14557.56,14739.36,5425439000
278,Y9999,2022-12-15,14692.92,14756.38,14649.54,14734.13,5242285000
279,Y9999,2022-12-16,14554.21,14568.31,14447.77,14528.55,7782196000
280,Y9999,2022-12-19,14478.45,14493.72,14411.81,14433.32,5688846000
281,Y9999,2022-12-20,14410.75,14451.91,14157.99,14170.03,7111544000
282,Y9999,2022-12-21,14205.06,14291.98,14197.86,14234.4,5608140000
283,Y9999,2022-12-22,14323.04,14442.94,14323.04,14442.94,5575432000
284,Y9999,2022-12-23,14318.12,14318.12,14192.98,14271.63,4245235000
285,Y9999,2022-12-26,14271.2,14301.11,14253.2,14285.13,3106471000
286,Y9999,2022-12-27,14310.19,14410.24,14310.19,14328.43,3659061000
287,Y9999,2022-12-28,14249.83,14249.83,14119.3,14173.1,4430499000
288,Y9999,2022-12-29,14097.51,14120.57,13981.63,14085.02,4180927000
289,Y9999,2022-12-30,14183.52,14248.9,14137.69,14137.69,3496035000
290,Y9999,2023-01-03,14108.16,14237.94,14001.97,14224.12,4427323000
291,Y9999,2023-01-04,14186.95,14257.45,14177.97,14199.13,4516111000
292,Y9999,2023-01-05,14285.12,14357.6,14270.93,14301.05,4699844000
293,Y9999,2023-01-06,14278.52,14384.92,14278.52,14373.34,4361333000
294,Y9999,2023-01-09,14504.47,14752.21,14504.47,14752.21,6095905000
295,Y9999,2023-01-10,14796.27,14816.13,14728.56,14802.96,4629202000
296,Y9999,2023-01-11,14822.86,14842.74,14734.44,14751.44,3994253000
297,Y9999,2023-01-12,14780.58,14813.31,14700.73,14731.64,3765175000
298,Y9999,2023-01-13,14923.05,14962.31,14822.15,14824.13,3918527000
299,Y9999,2023-01-16,14895.26,14960.92,14895.26,14927.01,3571501000
300,Y9999,2023-01-17,14922.34,14945.23,14884.78,14932.93,3360505000
301,Y9999,2023-01-30,15291.53,15493.82,15291.53,15493.82,6919326000
302,Y9999,2023-01-31,15419.21,15441.98,15265.2,15265.2,6170613000
303,Y9999,2023-02-01,15346.35,15420.13,15291.68,15420.13,5598484000
304,Y9999,2023-02-02,15508.83,15602.09,15496.52,15595.16,6557794000
305,Y9999,2023-02-03,15591.95,15617.73,15504.03,15602.66,5360074000
306,Y9999,2023-02-06,15514.8,15514.8,15392.82,15392.82,4662408000
307,Y9999,2023-02-07,15376.12,15462.1,15363.65,15400.91,4292987000
308,Y9999,2023-02-08,15538.71,15631.22,15520.05,15618.17,5255236000
309,Y9999,2023-02-09,15590.0,15617.34,15553.84,15598.71,4366230000
310,Y9999,2023-02-10,15627.33,15628.3,15546.11,15586.65,4597233000
311,Y9999,2023-02-13,15564.76,15569.99,15465.56,15544.28,4154146000
312,Y9999,2023-02-14,15584.74,15669.63,15584.74,15654.48,4217899000
313,Y9999,2023-02-15,15497.67,15553.68,15388.85,15432.89,5089910000
314,Y9999,2023-02-16,15474.46,15585.48,15474.46,15550.5,5618302000
315,Y9999,2023-02-17,15503.75,15503.75,15418.43,15479.7,5043332000
316,Y9999,2023-02-20,15452.01,15575.32,15436.66,15551.23,5273643000
317,Y9999,2023-02-21,15535.64,15567.74,15496.73,15563.0,5253377000
318,Y9999,2023-02-22,15541.17,15541.17,15345.93,15418.77,5402433000
319,Y9999,2023-02-23,15463.46,15657.63,15463.46,15615.41,5872036000
320,Y9999,2023-02-24,15669.88,15717.96,15503.79,15503.79,5901107000
321,Y9999,2023-03-01,15435.38,15617.03,15387.38,15598.49,5674842000
322,Y9999,2023-03-02,15580.28,15618.06,15492.37,15598.72,4940073000
323,Y9999,2023-03-03,15621.36,15713.42,15606.85,15608.42,5370269000
324,Y9999,2023-03-06,15675.28,15818.88,15675.28,15763.51,6090623000
325,Y9999,2023-03-07,15763.87,15879.16,15749.04,15857.89,5513326000
326,Y9999,2023-03-08,15819.18,15821.49,15740.98,15818.2,6050588000
327,Y9999,2023-03-09,15827.98,15878.75,15770.66,15770.66,5887831000
328,Y9999,2023-03-10,15729.29,15729.29,15488.71,15526.2,7209043000
329,Y9999,2023-03-13,15514.03,15571.17,15349.67,15560.49,6154789000
330,Y9999,2023-03-14,15517.74,15517.74,15348.12,15360.42,6129081000
331,Y9999,2023-03-15,15425.99,15526.73,15387.59,15387.59,5636769000
332,Y9999,2023-03-16,15334.25,15334.25,15186.74,15221.12,6688306000
333,Y9999,2023-03-17,15337.97,15452.96,15337.97,15452.96,6140104000
334,Y9999,2023-03-20,15454.75,15488.98,15399.07,15419.97,4966795000
335,Y9999,2023-03-21,15437.95,15547.97,15437.95,15513.45,5007468000
336,Y9999,2023-03-22,15535.17,15760.46,15535.17,15760.46,5527343000
337,Y9999,2023-03-23,15711.6,15882.75,15680.84,15863.95,5396335000
338,Y9999,2023-03-24,15869.84,15921.97,15845.99,15914.7,5594716000
339,Y9999,2023-03-27,15873.67,15902.06,15821.63,15830.31,5112209000
340,Y9999,2023-03-28,15790.7,15846.54,15685.59,15701.48,4785305000
341,Y9999,2023-03-29,15766.29,15811.2,15681.1,15769.76,4465210000
342,Y9999,2023-03-30,15824.65,15885.21,15791.75,15849.43,4344704000
343,Y9999,2023-03-31,15874.19,15951.8,15857.19,15868.06,4855726000
344,Y9999,2023-04-06,15838.07,15838.07,15733.29,15810.77,5051314000
345,Y9999,2023-04-07,15856.19,15877.99,15811.19,15836.5,4238950000
346,Y9999,2023-04-10,15850.94,15919.76,15850.94,15876.17,4356302000
347,Y9999,2023-04-11,15886.46,15945.63,15838.1,15913.88,5018999000
348,Y9999,2023-04-12,15914.15,15944.32,15867.02,15932.97,5435877000
349,Y9999,2023-04-13,15888.63,15913.2,15800.42,15804.76,6279791000
350,Y9999,2023-04-14,15854.25,15973.82,15854.25,15929.43,6048915000
351,Y9999,2023-04-17,15934.64,15963.55,15894.77,15963.55,5899214000
352,Y9999,2023-04-18,15967.89,15967.89,15851.71,15869.44,5778934000
353,Y9999,2023-04-19,15874.65,15915.39,15756.75,15770.47,5795511000
354,Y9999,2023-04-20,15771.45,15804.38,15686.54,15707.52,5539416000
355,Y9999,2023-04-21,15776.54,15802.93,15592.96,15602.99,6056927000
356,Y9999,2023-04-24,15555.1,15643.86,15529.39,15626.87,4628032000
357,Y9999,2023-04-25,15606.83,15639.49,15353.22,15370.73,6476866000
358,Y9999,2023-04-26,15352.03,15398.4,15284.46,15374.63,5308551000
359,Y9999,2023-04-27,15374.39,15455.88,15306.69,15411.49,5020367000
360,Y9999,2023-04-28,15477.34,15580.63,15477.34,15579.18,5582127000
361,Y9999,2023-05-02,15588.68,15651.23,15532.63,15636.48,5567907000
362,Y9999,2023-05-03,15629.51,15629.51,15530.79,15553.41,5092780000
363,Y9999,2023-05-04,15548.02,15622.41,15523.5,15609.03,4891203000
364,Y9999,2023-05-05,15627.93,15673.62,15578.67,15626.07,4586675000
365,Y9999,2023-05-08,15648.54,15757.8,15648.54,15699.57,5395345000
366,Y9999,2023-05-09,15702.26,15744.27,15635.9,15727.7,5192657000
367,Y9999,2023-05-10,15708.48,15711.39,15579.49,15641.76,4625505000
368,Y9999,2023-05-11,15666.49,15675.37,15501.58,15514.64,4873012000
369,Y9999,2023-05-12,15477.12,15545.99,15424.42,15502.36,5132689000
370,Y9999,2023-05-15,15489.18,15510.09,15434.52,15475.05,4742994000
371,Y9999,2023-05-16,15550.57,15723.95,15550.57,15673.9,5084407000
372,Y9999,2023-05-17,15702.74,15961.97,15698.63,15925.29,6161177000
373,Y9999,2023-05-18,16060.26,16128.72,16015.62,16101.88,6611031000
374,Y9999,2023-05-19,16146.29,16189.81,16099.9,16174.92,7207535000
375,Y9999,2023-05-22,16168.74,16202.92,16131.55,16180.89,5888637000
376,Y9999,2023-05-23,16186.15,16239.5,16121.45,16188.03,5513115000
377,Y9999,2023-05-24,16186.62,16186.62,16070.16,16159.32,5415815000
378,Y9999,2023-05-25,16163.95,16323.77,16163.95,16292.0,6619735000
379,Y9999,2023-05-26,16509.14,16537.79,16457.74,16505.05,7255266000
380,Y9999,2023-05-29,16610.86,16683.76,16597.38,16636.3,7191495000
381,Y9999,2023-05-30,16648.77,16681.19,16579.13,16622.74,6482103000
382,Y9999,2023-05-31,16593.53,16636.65,16491.9,16578.96,7887933000
383,Y9999,2023-06-01,16511.0,16555.5,16477.43,16512.65,6519472000
384,Y9999,2023-06-02,16525.0,16752.2,16525.0,16706.91,7956094000
385,Y9999,2023-06-05,16714.48,16781.19,16703.6,16714.43,7901788000
386,Y9999,2023-06-06,16712.98,16793.81,16699.83,16761.66,6563012000
387,Y9999,2023-06-07,16771.76,16922.48,16771.76,16922.48,6570149000
388,Y9999,2023-06-08,16864.18,16899.51,16694.21,16733.69,6632985000
389,Y9999,2023-06-09,16775.92,16895.99,16775.92,16886.4,6166466000
390,Y9999,2023-06-12,16899.49,16999.72,16899.49,16955.37,6805620000
391,Y9999,2023-06-13,17135.84,17254.96,17129.23,17216.6,7487726000
392,Y9999,2023-06-14,17190.7,17259.23,17182.18,17238.14,7369331000
393,Y9999,2023-06-15,17259.37,17346.32,17259.37,17334.98,8147091000
394,Y9999,2023-06-16,17342.86,17342.86,17250.79,17288.91,9722832000
395,Y9999,2023-06-19,17274.07,17306.81,17210.87,17274.56,7496332000
396,Y9999,2023-06-20,17233.8,17247.16,17121.59,17184.91,6812226000
397,Y9999,2023-06-21,17186.72,17246.77,17131.45,17202.4,6883193000
398,Y9999,2023-06-26,17182.48,17182.48,17011.28,17059.24,6663091000
399,Y9999,2023-06-27,17022.15,17035.49,16887.9,16887.9,6665715000
400,Y9999,2023-06-28,16906.23,17011.12,16903.71,16935.63,5940529000
401,Y9999,2023-06-29,16930.41,17077.44,16911.38,16942.3,6173036000
402,Y9999,2023-06-30,16870.27,16919.95,16792.34,16915.54,6671810000
403,Y9999,2023-07-03,16946.71,17103.73,16946.71,17084.2,7397864000
404,Y9999,2023-07-04,17055.19,17154.1,17042.6,17140.77,7951802000
405,Y9999,2023-07-05,17130.26,17153.17,17020.01,17056.43,7276803000
406,Y9999,2023-07-06,17017.09,17017.09,16749.29,16762.17,7884657000
407,Y9999,2023-07-07,16736.94,16762.39,16593.84,16664.21,6849714000
408,Y9999,2023-07-10,16667.43,16798.81,16635.83,16652.8,6154372000
409,Y9999,2023-07-11,16675.69,16898.91,16675.69,16898.91,6961862000
410,Y9999,2023-07-12,16903.25,16962.03,16864.01,16962.03,7334366000
411,Y9999,2023-07-13,16994.59,17223.86,16994.59,17061.4,9286862000
412,Y9999,2023-07-14,17152.81,17287.4,17128.07,17283.71,8343133000
413,Y9999,2023-07-17,17279.11,17346.66,17235.92,17334.29,8368565000
414,Y9999,2023-07-18,17368.36,17401.59,17164.92,17227.91,9775425000
415,Y9999,2023-07-19,17265.38,17340.82,17082.54,17116.44,8084533000
416,Y9999,2023-07-20,17104.91,17214.41,17098.65,17164.89,6313982000
417,Y9999,2023-07-21,17106.29,17106.29,16859.13,17030.7,7694988000
418,Y9999,2023-07-24,17036.79,17098.73,16941.15,17033.61,7182357000
419,Y9999,2023-07-25,17061.88,17270.2,17061.88,17198.89,7371305000
420,Y9999,2023-07-26,17205.47,17247.02,17121.99,17162.55,7110367000
421,Y9999,2023-07-27,17189.3,17282.86,17189.3,17241.82,7599016000
422,Y9999,2023-07-28,17244.51,17328.21,17179.94,17292.93,7744942000
423,Y9999,2023-07-31,17341.04,17463.76,17081.48,17145.43,9128395000
424,Y9999,2023-08-01,17141.97,17252.32,17095.86,17212.87,7063479000
425,Y9999,2023-08-02,17207.22,17212.55,16844.57,16893.73,9190407000
426,Y9999,2023-08-04,16847.24,16887.38,16748.51,16843.68,7314773000
427,Y9999,2023-08-07,16870.81,17032.32,16868.74,16996.0,6264641000
428,Y9999,2023-08-08,17006.46,17043.56,16812.59,16877.07,6750517000
429,Y9999,2023-08-09,16836.64,16956.73,16798.5,16870.94,5957436000
430,Y9999,2023-08-10,16827.11,16827.11,16601.17,16634.7,7182123000
431,Y9999,2023-08-11,16644.65,16766.84,16601.25,16601.25,5629266000
432,Y9999,2023-08-14,16585.41,16585.41,16307.28,16393.66,7357665000
433,Y9999,2023-08-15,16438.63,16546.01,16437.63,16454.8,5959257000
434,Y9999,2023-08-16,16422.2,16446.78,16304.44,16446.78,6459109000
435,Y9999,2023-08-17,16411.63,16550.11,16264.65,16516.66,7125689000
436,Y9999,2023-08-18,16508.46,16583.95,16344.29,16381.31,7246690000
437,Y9999,2023-08-21,16414.14,16485.25,16347.77,16381.49,5426098000
438,Y9999,2023-08-22,16429.69,16535.07,16407.83,16437.61,5428567000
439,Y9999,2023-08-23,16440.39,16588.51,16440.39,16576.9,5531007000
440,Y9999,2023-08-24,16651.03,16822.36,16651.03,16770.87,7596547000
441,Y9999,2023-08-25,16708.53,16708.53,16481.58,16481.58,6149183000
442,Y9999,2023-08-28,16498.86,16582.96,16498.86,16509.26,5650625000
443,Y9999,2023-08-29,16528.49,16627.7,16495.76,16623.65,5029684000
444,Y9999,2023-08-30,16666.33,16780.42,16666.33,16719.82,5783468000
445,Y9999,2023-08-31,16707.35,16712.22,16630.67,16634.51,6337598000
446,Y9999,2023-09-01,16640.92,16730.13,16619.23,16644.94,5858177000
447,Y9999,2023-09-04,16649.67,16789.69,16648.51,16789.69,5493751000
448,Y9999,2023-09-05,16784.12,16791.61,16727.44,16791.61,5389791000
449,Y9999,2023-09-06,16796.37,16841.19,16732.69,16738.16,6167718000
450,Y9999,2023-09-07,16715.45,16715.45,16609.94,16619.14,5529953000
451,Y9999,2023-09-08,16609.93,16609.93,16505.64,16576.02,5107734000
452,Y9999,2023-09-11,16579.83,16600.03,16398.3,16432.95,6051740000
453,Y9999,2023-09-12,16433.82,16579.86,16422.91,16572.71,5408148000
454,Y9999,2023-09-13,16578.13,16653.3,16542.72,16581.51,5515375000
455,Y9999,2023-09-14,16581.62,16807.56,16581.62,16807.56,6359872000
456,Y9999,2023-09-15,16809.74,16920.92,16787.74,16920.92,8158060000
457,Y9999,2023-09-18,16893.97,16893.97,16698.24,16698.24,6078273000
458,Y9999,2023-09-19,16706.48,16762.52,16636.32,16636.32,5645206000
459,Y9999,2023-09-20,16626.61,16665.27,16522.38,16534.75,5988536000
460,Y9999,2023-09-21,16475.42,16475.42,16300.54,16316.67,6133771000
461,Y9999,2023-09-22,16267.32,16360.96,16202.43,16344.48,5214709000
462,Y9999,2023-09-25,16345.78,16498.38,16345.78,16452.23,4790555000
463,Y9999,2023-09-26,16440.26,16440.26,16276.07,16276.07,5184686000
464,Y9999,2023-09-27,16273.84,16324.22,16212.86,16310.36,4601829000
465,Y9999,2023-09-28,16330.71,16411.28,16311.41,16353.74,5113712000
466,Y9999,2023-10-02,16382.96,16575.31,16382.96,16557.31,5734001000
467,Y9999,2023-10-03,16520.24,16571.66,16453.8,16454.34,5892350000
468,Y9999,2023-10-04,16419.48,16419.48,16203.34,16273.38,5641720000
469,Y9999,2023-10-05,16313.89,16477.61,16313.89,16453.52,5252903000
470,Y9999,2023-10-06,16482.93,16539.13,16482.93,16520.57,4802052000
471,Y9999,2023-10-11,16567.43,16729.5,16567.43,16672.03,6743900000
472,Y9999,2023-10-12,16698.85,16825.91,16684.43,16825.91,5883086000
473,Y9999,2023-10-13,16815.91,16815.91,16726.43,16782.57,5853685000
474,Y9999,2023-10-16,16712.93,16712.93,16614.1,16652.24,5507462000
475,Y9999,2023-10-17,16678.28,16770.64,16618.3,16642.55,5405131000
476,Y9999,2023-10-18,16608.02,16612.25,16398.76,16440.91,7147874000
477,Y9999,2023-10-19,16416.54,16479.35,16382.4,16452.73,5556554000
478,Y9999,2023-10-20,16434.43,16462.56,16271.82,16440.72,6106263000
479,Y9999,2023-10-23,16391.41,16391.41,16245.84,16251.36,4924750000
480,Y9999,2023-10-24,16257.8,16318.77,16163.0,16309.76,5390408000
481,Y9999,2023-10-25,16320.71,16459.34,16320.71,16358.89,5418274000
482,Y9999,2023-10-26,16305.16,16305.16,16073.74,16073.74,5682316000
483,Y9999,2023-10-27,16112.75,16200.3,16112.75,16134.61,4562736000
484,Y9999,2023-10-30,16142.06,16203.33,16101.24,16149.68,4531453000
485,Y9999,2023-10-31,16176.58,16215.35,15975.91,16001.27,5582483000
486,Y9999,2023-11-01,16027.72,16099.03,15978.26,16038.56,4679344000
487,Y9999,2023-11-02,16094.26,16396.95,16094.26,16396.95,5467497000
488,Y9999,2023-11-03,16412.54,16520.1,16412.54,16507.65,5758266000
489,Y9999,2023-11-06,16572.56,16720.56,16572.56,16649.36,5913939000
490,Y9999,2023-11-07,16650.14,16684.95,16608.1,16684.95,4728818000
491,Y9999,2023-11-08,16691.32,16775.23,16665.4,16740.83,5597358000
492,Y9999,2023-11-09,16741.16,16759.43,16680.91,16745.65,5081119000
493,Y9999,2023-11-10,16725.94,16725.94,16651.23,16682.67,4635094000
494,Y9999,2023-11-13,16711.53,16961.02,16711.53,16839.29,5502240000
495,Y9999,2023-11-14,16884.52,16946.38,16884.52,16915.71,5471883000
496,Y9999,2023-11-15,17039.62,17143.88,17034.95,17128.78,7708865000
497,Y9999,2023-11-16,17136.52,17194.32,17089.4,17171.18,6383755000
498,Y9999,2023-11-17,17155.86,17253.47,17147.56,17208.95,6363298000
499,Y9999,2023-11-20,17197.82,17219.76,17151.82,17210.47,6131870000
500,Y9999,2023-11-21,17239.94,17421.17,17239.94,17416.7,7378981000
501,Y9999,2023-11-22,17325.6,17344.53,17264.95,17310.26,6155942000
502,Y9999,2023-11-23,17291.33,17343.61,17228.45,17294.55,6100401000
503,Y9999,2023-11-24,17304.65,17336.13,17268.38,17287.42,5487528000
504,Y9999,2023-11-27,17291.23,17351.93,17133.76,17137.42,6006736000
505,Y9999,2023-11-28,17150.3,17360.38,17145.2,17341.25,6327225000
506,Y9999,2023-11-29,17352.11,17441.79,17323.27,17370.56,7008357000
507,Y9999,2023-11-30,17389.2,17433.85,17313.3,17433.85,7348343000
508,Y9999,2023-12-01,17422.35,17450.13,17355.89,17438.35,6449439000
509,Y9999,2023-12-04,17450.64,17516.61,17398.1,17421.48,7455122000
510,Y9999,2023-12-05,17401.59,17401.59,17252.57,17328.01,7011018000
511,Y9999,2023-12-06,17340.82,17439.85,17337.47,17360.72,6495028000
512,Y9999,2023-12-07,17356.92,17387.94,17273.71,17278.74,6960938000
513,Y9999,2023-12-08,17309.36,17465.35,17309.36,17383.99,6460484000
514,Y9999,2023-12-11,17416.96,17451.82,17372.82,17418.34,6178381000
515,Y9999,2023-12-12,17429.61,17528.72,17404.88,17450.63,6593662000
516,Y9999,2023-12-13,17447.51,17507.92,17438.69,17468.93,7022597000
517,Y9999,2023-12-14,17482.38,17668.35,17482.38,17653.11,8512618000
518,Y9999,2023-12-15,17693.33,17743.54,17642.79,17673.87,9256588000
519,Y9999,2023-12-18,17637.86,17665.91,17586.88,17652.03,7531216000
520,Y9999,2023-12-19,17669.84,17669.84,17497.32,17576.55,7179470000
521,Y9999,2023-12-20,17608.35,17657.65,17597.48,17635.2,7112769000
522,Y9999,2023-12-21,17531.45,17552.9,17442.76,17543.74,7391178000
523,Y9999,2023-12-22,17586.16,17618.17,17567.55,17596.63,6878372000
524,Y9999,2023-12-25,17596.27,17663.35,17595.27,17604.84,5771072000
525,Y9999,2023-12-26,17619.09,17751.73,17619.09,17751.73,5536355000
526,Y9999,2023-12-27,17766.73,17897.16,17766.73,17891.5,6800409000
527,Y9999,2023-12-28,17900.76,17928.14,17841.76,17910.37,6580845000
528,Y9999,2023-12-29,17893.63,17945.7,17864.23,17930.81,5813967000
529,Y9999,2024-01-02,17939.79,17956.74,17784.97,17853.76,6411778000
530,Y9999,2024-01-03,17829.28,17829.28,17518.19,17559.31,6563816000
531,Y9999,2024-01-04,17574.39,17609.89,17515.73,17549.65,6326304000
532,Y9999,2024-01-05,17559.4,17606.79,17495.39,17519.14,6072525000
533,Y9999,2024-01-08,17534.52,17688.11,17534.52,17572.66,6306940000
534,Y9999,2024-01-09,17585.4,17694.26,17517.55,17535.49,6232655000
535,Y9999,2024-01-10,17495.67,17499.43,17439.27,17465.63,5764346000
536,Y9999,2024-01-11,17477.88,17574.92,17476.87,17545.32,6087970000
537,Y9999,2024-01-12,17536.05,17570.63,17469.87,17512.83,5783781000
538,Y9999,2024-01-15,17541.26,17632.77,17532.98,17546.82,5999846000
539,Y9999,2024-01-16,17523.78,17523.78,17337.58,17346.87,7003194000
540,Y9999,2024-01-17,17341.58,17361.05,17151.58,17161.79,8135054000
541,Y9999,2024-01-18,17169.1,17300.29,17169.1,17227.79,6362222000
542,Y9999,2024-01-19,17546.51,17682.97,17499.85,17681.52,7366926000
543,Y9999,2024-01-22,17770.78,17869.07,17765.13,17815.1,7440321000
544,Y9999,2024-01-23,17840.28,17893.73,17801.89,17874.59,6799686000
545,Y9999,2024-01-24,17883.62,17944.98,17856.34,17875.83,6085817000
546,Y9999,2024-01-25,17894.83,18014.26,17894.83,18002.62,6194925000
547,Y9999,2024-01-26,17985.44,18029.85,17943.65,17995.03,5484262000
548,Y9999,2024-01-29,18001.24,18119.63,17995.11,18119.63,5297437000
549,Y9999,2024-01-30,18083.45,18138.74,18034.63,18034.63,5885319000
550,Y9999,2024-01-31,17970.41,17996.33,17874.95,17889.56,5498408000
551,Y9999,2024-02-01,17871.27,17968.11,17832.95,17968.11,5865757000
552,Y9999,2024-02-02,18016.35,18059.93,17985.89,18059.93,5660501000
553,Y9999,2024-02-05,18047.4,18115.8,17992.17,18096.07,5578682000
554,Y9999,2024-02-15,18664.45,18725.47,18550.86,18644.57,8401984000
555,Y9999,2024-02-16,18639.66,18715.69,18585.14,18607.25,7844208000
556,Y9999,2024-02-19,18561.04,18663.74,18561.04,18635.8,7707547000
557,Y9999,2024-02-20,18610.21,18756.33,18610.21,18753.16,7064550000
558,Y9999,2024-02-21,18673.49,18729.03,18645.27,18676.31,7279039000
559,Y9999,2024-02-22,18826.85,18881.77,18758.15,18852.78,7544144000
560,Y9999,2024-02-23,18950.07,19012.38,18889.19,18889.19,7868781000
561,Y9999,2024-02-26,18899.39,18974.08,18854.71,18948.05,7062243000
562,Y9999,2024-02-27,18964.49,19023.01,18752.53,18854.41,7916887000
563,Y9999,2024-02-29,18796.54,19019.69,18794.62,18966.77,7568554000
564,Y9999,2024-03-01,19021.35,19041.92,18923.46,18935.93,7573187000
565,Y9999,2024-03-04,18952.69,19333.39,18952.69,19305.31,8836524000
566,Y9999,2024-03-05,19398.97,19453.85,19332.73,19386.92,8130039000
567,Y9999,2024-03-06,19283.61,19532.3,19246.3,19499.45,8275991000
568,Y9999,2024-03-07,19678.36,19794.57,19630.79,19693.52,9410905000
569,Y9999,2024-03-08,19966.49,20065.5,19638.13,19785.32,10441231000
570,Y9999,2024-03-11,19671.9,19828.7,19649.67,19726.08,7833500000
571,Y9999,2024-03-12,19672.76,19917.06,19664.71,19914.55,8460730000
572,Y9999,2024-03-13,20024.83,20112.81,19866.73,19928.51,9706968000
573,Y9999,2024-03-14,19920.63,19995.51,19775.5,19937.92,8827167000
574,Y9999,2024-03-15,19845.45,19888.13,19682.5,19682.5,9670515000
575,Y9999,2024-03-18,19706.11,19879.86,19706.11,19879.85,7757012000
576,Y9999,2024-03-19,19798.12,19921.25,19762.16,19857.2,8621957000
577,Y9999,2024-03-20,19879.25,19994.42,19728.43,19784.45,10021992000
578,Y9999,2024-03-21,19843.8,20199.3,19843.8,20199.09,9714309000
579,Y9999,2024-03-22,20232.06,20296.1,20084.31,20228.43,9739588000
580,Y9999,2024-03-25,20228.64,20285.38,20172.8,20192.25,7774647000
581,Y9999,2024-03-26,20208.88,20397.07,19977.4,20126.49,9364343000
582,Y9999,2024-03-27,20158.07,20255.1,20108.96,20200.12,7726443000
583,Y9999,2024-03-28,20213.34,20222.2,20065.93,20146.55,8671376000
584,Y9999,2024-03-29,20156.34,20335.92,20156.34,20294.45,8501295000
585,Y9999,2024-04-01,20319.73,20387.23,20217.58,20222.33,8434260000
586,Y9999,2024-04-02,20359.81,20466.57,20359.81,20466.57,8095952000
587,Y9999,2024-04-03,20388.84,20403.73,20269.66,20337.6,7343173000
588,Y9999,2024-04-08,20395.05,20487.83,20379.83,20417.7,7833324000
589,Y9999,2024-04-09,20521.56,20820.81,20521.56,20796.2,9050814000
590,Y9999,2024-04-10,20789.42,20883.69,20763.53,20763.53,8716653000
591,Y9999,2024-04-11,20713.25,20770.83,20651.88,20753.22,8914560000
592,Y9999,2024-04-12,20772.79,20825.04,20713.87,20736.57,8851979000
593,Y9999,2024-04-15,20586.53,20623.77,20449.77,20449.77,9618574000
594,Y9999,2024-04-16,20365.11,20365.11,19844.54,19901.96,11746011000
595,Y9999,2024-04-17,19986.62,20264.99,19986.62,20213.33,7877446000
596,Y9999,2024-04-18,20126.57,20363.09,20057.81,20301.2,8879764000
597,Y9999,2024-04-19,19992.06,19992.06,19291.88,19527.12,14220809000
598,Y9999,2024-04-22,19466.44,19695.49,19395.31,19411.22,10228829000
599,Y9999,2024-04-23,19564.38,19709.0,19509.74,19599.28,7253946000
600,Y9999,2024-04-24,19770.46,20165.77,19770.46,20131.74,9111612000
601,Y9999,2024-04-25,20003.0,20003.0,19848.57,19857.42,7577774000
602,Y9999,2024-04-26,20094.17,20226.29,20087.61,20120.51,8712330000
603,Y9999,2024-04-29,20235.93,20495.52,20235.93,20495.52,10073768000
604,Y9999,2024-04-30,20508.48,20559.97,20396.6,20396.6,7574611000
605,Y9999,2024-05-02,20360.67,20360.67,20222.44,20222.44,8406070000
606,Y9999,2024-05-03,20381.98,20521.49,20272.34,20330.32,8493343000
607,Y9999,2024-05-06,20479.8,20639.9,20479.8,20523.31,8531380000
608,Y9999,2024-05-07,20634.62,20689.19,20493.8,20653.53,8310364000
609,Y9999,2024-05-08,20604.18,20700.51,20547.48,20700.51,8266990000
610,Y9999,2024-05-09,20710.05,20754.61,20560.77,20560.77,8462569000
611,Y9999,2024-05-10,20582.12,20765.82,20574.01,20708.84,9484962000
612,Y9999,2024-05-13,20905.16,20933.28,20816.42,20857.71,9004389000
613,Y9999,2024-05-14,20835.95,20994.53,20816.77,20985.85,9083268000
614,Y9999,2024-05-15,20984.7,21308.32,20984.7,21147.21,10020867000
615,Y9999,2024-05-16,21319.02,21515.52,21249.88,21304.26,10676029000
616,Y9999,2024-05-17,21346.75,21346.75,21218.34,21258.47,9381134000
617,Y9999,2024-05-20,21278.38,21338.35,21102.18,21271.63,9698206000
618,Y9999,2024-05-21,21239.26,21307.08,21131.62,21236.75,8349241000
619,Y9999,2024-05-22,21248.99,21567.48,21248.99,21551.83,9892255000
620,Y9999,2024-05-23,21668.84,21668.84,21475.99,21607.43,10342069000
621,Y9999,2024-05-24,21442.67,21608.72,21381.25,21565.34,8654957000
622,Y9999,2024-05-27,21699.98,21871.34,21699.98,21803.77,10249255000
623,Y9999,2024-05-28,21812.2,21937.4,21812.2,21858.41,9828428000
624,Y9999,2024-05-29,21846.41,21906.1,21662.5,21662.5,10075066000
625,Y9999,2024-05-30,21481.39,21558.36,21364.24,21364.48,9367769000
626,Y9999,2024-05-31,21400.83,21539.03,21174.22,21174.22,11881955000
627,Y9999,2024-06-03,21388.71,21612.54,21372.08,21536.76,9227882000
628,Y9999,2024-06-04,21513.85,21529.98,21308.97,21356.62,9533375000
629,Y9999,2024-06-05,21385.0,21510.86,21264.63,21484.88,8309415000
630,Y9999,2024-06-06,21856.13,21970.63,21847.68,21902.7,9720110000
631,Y9999,2024-06-07,21823.62,21920.85,21823.62,21858.38,9413696000
632,Y9999,2024-06-11,21984.42,22003.71,21792.12,21792.12,10336042000
633,Y9999,2024-06-12,21841.81,22094.94,21841.81,22048.96,8993663000
634,Y9999,2024-06-13,22217.64,22440.1,22211.08,22312.04,10063123000
635,Y9999,2024-06-14,22311.93,22504.72,22252.02,22504.72,9573063000
636,Y9999,2024-06-17,22468.11,22567.34,22431.26,22496.53,9540532000
637,Y9999,2024-06-18,22690.34,22787.67,22642.94,22757.43,9626522000
638,Y9999,2024-06-19,22858.45,23275.3,22858.45,23209.54,11548968000
639,Y9999,2024-06-20,23196.69,23406.1,23180.7,23406.1,10071394000
640,Y9999,2024-06-21,23193.9,23351.17,23151.15,23253.39,12435288000
641,Y9999,2024-06-24,23124.31,23131.68,22813.7,22813.7,10868484000
642,Y9999,2024-06-25,22695.15,22875.97,22503.0,22875.97,9415655000
643,Y9999,2024-06-26,22938.57,23074.74,22893.75,22986.69,9402611000
644,Y9999,2024-06-27,22859.93,22922.56,22765.16,22905.98,9517113000
645,Y9999,2024-06-28,22896.72,23142.4,22896.72,23032.25,9156285000
646,Y9999,2024-07-01,23042.7,23187.88,23015.17,23058.57,9519820000
647,Y9999,2024-07-02,23012.74,23041.9,22833.78,22879.37,10730848000
648,Y9999,2024-07-03,23009.82,23172.43,22994.28,23172.43,11022883000
649,Y9999,2024-07-04,23360.88,23571.82,23360.88,23522.53,11530961000
650,Y9999,2024-07-05,23532.01,23628.86,23491.79,23556.59,10664306000
651,Y9999,2024-07-08,23550.64,24011.64,23505.86,23878.15,11657426000
652,Y9999,2024-07-09,23888.2,24126.66,23607.92,23900.08,12440604000
653,Y9999,2024-07-10,23744.88,24040.61,23682.49,24007.08,10720034000
654,Y9999,2024-07-11,24242.03,24416.67,24151.8,24390.03,11951313000
655,Y9999,2024-07-12,23955.67,24045.73,23774.22,23916.93,12595197000
656,Y9999,2024-07-15,23927.91,24018.31,23759.51,23879.36,10191840000
657,Y9999,2024-07-16,23880.33,24174.18,23861.77,23997.25,9715661000
658,Y9999,2024-07-17,23827.27,23993.68,23650.94,23769.82,11672877000
659,Y9999,2024-07-18,23373.01,23450.91,23148.74,23398.47,11780624000
660,Y9999,2024-07-19,23228.04,23235.82,22865.84,22869.26,11316053000
661,Y9999,2024-07-22,22818.86,22818.86,22130.88,22256.99,11952430000
662,Y9999,2024-07-23,22514.75,22871.84,22514.75,22871.84,8708465000
663,Y9999,2024-07-26,22206.93,22206.93,21889.61,22119.21,10442613000
664,Y9999,2024-07-29,22321.37,22471.4,22128.14,22164.49,8828797000
665,Y9999,2024-07-30,22040.04,22276.39,21833.85,22223.57,8965809000
666,Y9999,2024-07-31,22088.78,22315.31,22046.29,22199.35,8511323000
667,Y9999,2024-08-01,22546.4,22652.21,22465.06,22642.1,9587317000
668,Y9999,2024-08-02,22141.2,22141.2,21636.22,21638.09,11661822000
669,Y9999,2024-08-05,20982.92,20982.92,19783.5,19830.88,15669316000
670,Y9999,2024-08-06,20344.39,20751.5,19662.74,20501.02,13253199000
671,Y9999,2024-08-07,20638.28,21306.23,20638.28,21295.28,9430851000
672,Y9999,2024-08-08,21047.16,21074.19,20723.26,20870.1,8112423000
673,Y9999,2024-08-09,21212.0,21613.76,21212.0,21469.0,9145607000
674,Y9999,2024-08-12,21598.93,21897.98,21598.93,21773.26,8103860000
675,Y9999,2024-08-13,21816.07,21866.63,21698.47,21796.57,7153087000
676,Y9999,2024-08-14,21952.03,22155.29,21942.22,22027.25,8374999000
677,Y9999,2024-08-15,22005.69,22089.04,21895.17,21895.17,7292001000
678,Y9999,2024-08-16,22114.72,22374.94,22114.72,22349.33,8235886000
679,Y9999,2024-08-19,22338.83,22485.91,22307.17,22409.63,7101238000
680,Y9999,2024-08-20,22464.07,22545.89,22369.25,22429.1,7843839000
681,Y9999,2024-08-21,22316.78,22358.88,22165.82,22237.89,8078459000
682,Y9999,2024-08-22,22254.59,22315.92,22096.26,22148.83,6485403000
683,Y9999,2024-08-23,22042.59,22159.27,21935.98,22158.05,8158257000
684,Y9999,2024-08-26,22250.49,22449.45,22164.53,22240.12,9295320000
685,Y9999,2024-08-27,22179.21,22205.11,22059.51,22185.0,7336667000
686,Y9999,2024-08-28,22210.57,22370.66,22108.86,22370.66,7088221000
687,Y9999,2024-08-29,22136.31,22273.62,22010.89,22201.85,7478271000
688,Y9999,2024-08-30,22230.07,22342.25,22230.07,22268.09,8361576000
689,Y9999,2024-09-02,22341.9,22439.31,22178.04,22235.1,6791049000
690,Y9999,2024-09-03,22240.11,22303.5,22092.21,22092.21,6837468000
691,Y9999,2024-09-04,21574.65,21574.65,20922.17,21092.75,11157824000
692,Y9999,2024-09-05,21271.09,21488.81,21150.99,21187.71,7964799000
693,Y9999,2024-09-06,21255.45,21461.71,21125.14,21435.19,6584784000
694,Y9999,2024-09-09,21127.81,21163.91,20922.51,21144.44,7793314000
695,Y9999,2024-09-10,21252.57,21324.43,20977.0,21064.08,7275918000
696,Y9999,2024-09-11,21089.18,21134.05,21031.0,21031.0,6710882000
697,Y9999,2024-09-12,21373.64,21706.85,21373.64,21653.25,7930915000
698,Y9999,2024-09-13,21754.36,21796.39,21643.22,21759.65,6059733000
699,Y9999,2024-09-16,21800.0,21854.74,21736.7,21850.08,6105105000
700,Y9999,2024-09-18,21813.54,21859.16,21584.63,21678.84,7979840000
701,Y9999,2024-09-19,21675.4,22042.69,21656.66,22042.69,7947109000
702,Y9999,2024-09-20,22246.24,22354.54,22136.53,22159.42,9689069000
703,Y9999,2024-09-23,22170.94,22307.46,22170.94,22285.53,7121310000
704,Y9999,2024-09-24,22273.79,22431.78,22154.55,22431.78,7862076000
705,Y9999,2024-09-25,22569.29,22785.32,22569.29,22761.6,9143783000
706,Y9999,2024-09-26,22841.42,22961.77,22769.24,22858.81,9160464000
707,Y9999,2024-09-27,22978.97,23079.21,22806.83,22822.79,9742471000
708,Y9999,2024-09-30,22643.91,22691.23,22224.54,22224.54,9221061000
709,Y9999,2024-10-01,22329.65,22446.86,22311.33,22390.39,6546005000
710,Y9999,2024-10-04,22459.1,22493.05,22193.5,22302.71,9601367000
711,Y9999,2024-10-07,22479.24,22719.07,22479.24,22702.56,9016648000
712,Y9999,2024-10-08,22691.32,22691.32,22418.38,22611.39,9567321000
713,Y9999,2024-10-09,22637.17,22885.95,22637.17,22659.08,8833974000
714,Y9999,2024-10-11,22726.19,23011.11,22726.19,22901.64,7292297000
715,Y9999,2024-10-14,22947.32,23015.55,22799.14,22975.29,6998458000
716,Y9999,2024-10-15,23083.7,23353.91,23082.06,23292.04,8377162000
717,Y9999,2024-10-16,22990.64,23258.52,22866.73,23010.98,8256820000
718,Y9999,2024-10-17,23114.21,23191.79,22950.7,23053.84,7296757000
719,Y9999,2024-10-18,23620.57,23713.7,23378.36,23487.27,8681228000
720,Y9999,2024-10-21,23602.98,23678.51,23480.06,23542.53,7090579000
721,Y9999,2024-10-22,23428.11,23535.43,23269.86,23535.43,7397918000
722,Y9999,2024-10-23,23402.24,23486.45,23318.84,23334.76,6840533000
723,Y9999,2024-10-24,23446.64,23446.64,23150.77,23192.52,7053500000
724,Y9999,2024-10-25,23255.07,23388.53,23222.77,23348.45,5949900000
725,Y9999,2024-10-28,23455.69,23547.12,23164.42,23198.07,6484900000
726,Y9999,2024-10-29,23048.45,23056.57,22711.1,22926.59,7002228000
727,Y9999,2024-10-30,22985.13,23116.33,22801.45,22820.43,6385074000
728,Y9999,2024-11-01,22438.93,22828.98,22231.94,22780.08,8015830000
729,Y9999,2024-11-04,22839.18,23020.99,22792.77,22965.39,6638863000
730,Y9999,2024-11-05,22870.11,23178.8,22849.83,23106.79,6504125000
731,Y9999,2024-11-06,23112.95,23439.39,23035.3,23217.38,8013368000
732,Y9999,2024-11-07,23180.01,23518.63,23132.94,23408.82,8714755000
733,Y9999,2024-11-08,23608.11,23699.7,23509.13,23553.89,8522966000
734,Y9999,2024-11-11,23477.75,23563.8,23306.66,23529.64,7157746000
735,Y9999,2024-11-12,23276.76,23276.76,22981.77,22981.77,8798515000
736,Y9999,2024-11-13,22894.91,23046.47,22860.23,22860.23,7454299000
737,Y9999,2024-11-14,22821.04,22893.82,22619.71,22715.38,8159633000
738,Y9999,2024-11-15,22767.11,22940.8,22690.77,22742.77,7887946000
739,Y9999,2024-11-18,22693.96,22781.77,22503.69,22546.54,7378710000
740,Y9999,2024-11-19,22614.74,22906.69,22578.75,22848.8,7496707000
741,Y9999,2024-11-20,22872.91,22977.56,22622.47,22688.36,7304592000
742,Y9999,2024-11-21,22671.66,22708.57,22490.28,22555.66,6888868000
743,Y9999,2024-11-22,22799.53,23019.04,22799.53,22904.32,7592870000
744,Y9999,2024-11-25,22996.05,23172.43,22948.37,22948.37,9016499000
745,Y9999,2024-11-26,22789.6,22832.11,22645.13,22678.76,6587493000
746,Y9999,2024-11-27,22665.58,22743.99,22334.78,22334.78,7465837000
747,Y9999,2024-11-28,22380.45,22413.25,22124.31,22298.9,6876239000
